Time (s) Run #1,Position (m) Run #1,Force (N) Run #1,Speed (mm/min) Run #1,Time (s) Run #2,Position (m) Run #2,Force (N) Run #2,Speed (mm/min) Run #2
0,0,0,,0,0,0,
0.2,0,0,0,0.2,0,0,0
0.4,0,0,0,0.4,0,0,0
0.6,0,0,0,0.6,0,0,0
0.8,0,0,0,0.8,0,0,0
1,0,0,-0.19,1,0,0,0
1.2,0,0,-1.3,1.2,0,0,0
1.4,-3.81E-06,-6,-3.33,1.4,0,0,0
1.6,-2.22E-05,-143,-5.08,1.6,0,0,0
1.8,-4.45E-05,-309,-4.89,1.8,0,0,0
2,-6.10E-05,-501,-2.95,2,0,0,0
2.2,-6.29E-05,-526,-1.02,2.2,0,0,0
2.4,-6.29E-05,-523,2.86,2.4,0,0,0
2.6,-6.29E-05,-518,12.45,2.6,0,0,0
2.8,-3.81E-06,-216,27.69,2.8,0,0,0
3,1.27E-04,65,41.62,3,0,0,0
3.2,3.01E-04,66,47.24,3.2,0,0,0
3.4,4.65E-04,65,46.01,3.4,0,0,0
3.6,6.03E-04,65,39.18,3.6,0,0,0
3.8,7.45E-04,65,29.08,3.8,0,0,0
4,8.05E-04,65,18.61,4,0,0,0
4.2,8.45E-04,65,17.34,4.2,0,0,0
4.4,8.75E-04,65,31.05,4.4,0,0,0
4.6,0.00102,65,46.2,4.6,0,0,0
4.8,0.00125,66,51.72,4.8,0,0,0
5,0.00139,66,46.13,5,0,0,0
5.2,0.00154,65,40.01,5.2,0,0,0
5.4,0.00166,66,38.29,5.4,0,0,0
5.6,0.00179,65,38.67,5.6,0,0,0
5.8,0.00191,65,40.26,5.8,0,0,0.29
6,0.00206,65,40.01,6,0,1,1.52
6.2,0.00219,65,41.02,6.2,5.72E-06,31,3.71
6.4,0.0023,65,47.18,6.4,2.48E-05,158,5.71
6.6,0.00248,65,59.69,6.6,4.95E-05,339,6.54
6.8,0.00271,65,68.74,6.8,7.05E-05,539,6.45
7,0.00298,65,68.9,7,9.08E-05,737,6.03
7.2,0.00318,65,63.15,7.2,1.12E-04,963,5.72
7.4,0.00339,65,57.02,7.4,1.28E-04,1135,5.14
7.6,0.00356,65,52.04,7.6,1.47E-04,1336,4.64
7.8,0.00374,66,46.61,7.8,1.59E-04,1472,4.16
8,0.00387,66,40.83,8,1.75E-04,1655,3.17
8.2,0.00401,65,34.86,8.2,1.84E-04,1779,1.87
8.4,0.00411,65,33.34,8.4,1.85E-04,1799,0.6
8.6,0.0042,65,38.51,8.6,1.85E-04,1795,0.03
8.8,0.00435,65,46.67,8.8,1.85E-04,1791,-0.06
9,0.00454,65,45.75,9,1.85E-04,1788,-0.06
9.2,0.0047,65,34.8,9.2,1.85E-04,1785,-0.03
9.4,0.00476,65,23.94,9.4,1.85E-04,1784,0
9.6,0.00482,65,17.75,9.6,1.85E-04,1783,0
9.8,0.0049,65,12.99,9.8,1.85E-04,1782,0
10,0.00492,65,7.46,10,1.85E-04,1781,0
10.2,0.00492,65,10.6,10.2,1.85E-04,1781,0
10.4,0.00495,65,23.91,10.4,1.85E-04,1780,0
10.6,0.00509,65,37.15,10.6,1.85E-04,1779,0
10.8,0.00524,65,32.32,10.8,1.85E-04,1778,0
11,0.00538,65,8.92,11,1.85E-04,1778,0
11.2,0.0053,65,-11.53,11.2,1.85E-04,1778,0
11.4,0.0052,65,-15.49,11.4,1.85E-04,1777,-0.03
11.6,0.00519,65,-6.67,11.6,1.85E-04,1776,-0.06
11.8,0.00519,65,-0.86,11.8,1.84E-04,1771,-0.13
12,0.00518,65,1.56,12,1.84E-04,1763,-0.19
12.2,0.00518,65,3.68,12.2,1.83E-04,1751,-0.22
12.4,0.00522,65,0.41,12.4,1.82E-04,1739,-0.22
12.6,0.00522,65,-9.21,12.6,1.82E-04,1731,-0.22
12.8,0.00515,65,-20.16,12.8,1.81E-04,1724,-0.35
13,0.00507,65,-26.19,13,1.80E-04,1701,-0.57
13.2,0.00497,65,-29.4,13.2,1.77E-04,1673,-0.7
13.4,0.00488,65,-33.91,13.4,1.74E-04,1625,-0.7
13.6,0.00475,65,-37.94,13.6,1.73E-04,1602,-0.64
13.8,0.00461,65,-35.15,13.8,1.70E-04,1573,-0.67
14,0.00448,65,-14.95,14,1.68E-04,1542,-0.76
14.2,0.00444,65,19.59,14.2,1.65E-04,1503,-0.79
14.4,0.00462,65,51.88,14.4,1.63E-04,1464,-0.76
14.6,0.00487,65,72.64,14.6,1.60E-04,1427,-0.7
14.8,0.0051,65,83.69,14.8,1.58E-04,1396,-0.64
15,0.00542,65,88.71,15,1.56E-04,1365,-0.54
15.2,0.00574,65,85.34,15.2,1.54E-04,1341,-0.48
15.4,0.006,65,75.44,15.4,1.53E-04,1326,-0.48
15.6,0.00622,65,65.56,15.6,1.51E-04,1297,-0.51
15.8,0.00644,65,58.93,15.8,1.49E-04,1272,-0.44
16,0.00661,65,55.31,16,1.48E-04,1256,-0.32
16.2,0.00679,65,58.64,16.2,1.47E-04,1249,-0.25
16.4,0.00698,65,65.37,16.4,1.47E-04,1234,-0.29
16.6,0.00724,65,68.39,16.6,1.45E-04,1219,-0.35
16.8,0.00746,65,67.56,16.8,1.44E-04,1205,-0.38
17,0.00768,65,69.21,17,1.43E-04,1186,-0.38
17.2,0.0079,65,76.49,17.2,1.42E-04,1168,-0.38
17.4,0.00819,65,82.36,17.4,1.40E-04,1153,-0.38
17.6,0.00848,65,82.87,17.6,1.39E-04,1136,-0.38
17.8,0.00874,65,80.39,17.8,1.38E-04,1119,-0.35
18,0.009,65,77.34,18,1.37E-04,1103,-0.32
18.2,0.00927,65,75.37,18.2,1.36E-04,1088,-0.29
18.4,0.0095,65,77.03,18.4,1.35E-04,1075,-0.22
18.6,0.00976,65,79.82,18.6,1.34E-04,1061,-0.13
18.8,0.01006,65,81.69,18.8,1.34E-04,1060,-0.03
19,0.01031,65,79.44,19,1.34E-04,1060,-0.03
19.2,0.01058,65,73.53,19.2,1.34E-04,1061,-0.13
19.4,0.01082,65,58.52,19.4,1.33E-04,1058,-0.19
19.6,0.01101,65,36.07,19.6,1.32E-04,1042,-0.16
19.8,0.01105,65,24.51,19.8,1.32E-04,1036,-0.06
20,0.01108,65,35.31,20,1.32E-04,1036,-0.03
20.2,0.01125,65,57.25,20.2,1.32E-04,1036,-0.1
20.4,0.01152,65,65.28,20.4,1.31E-04,1034,-0.16
20.6,0.01175,65,57.05,20.6,1.31E-04,1024,-0.19
20.8,0.01188,65,46.51,20.8,1.30E-04,1017,-0.16
21,0.01203,65,38.29,21,1.30E-04,1007,-0.1
21.2,0.01217,65,26.73,21.2,1.30E-04,1005,-0.03
21.4,0.01222,65,8.38,21.4,1.30E-04,1003,0
21.6,0.01222,65,-7.59,21.6,1.30E-04,1002,0
21.8,0.01215,65,-14.19,21.8,1.30E-04,1002,-0.03
22,0.01209,65,-12.38,22,1.30E-04,1002,-0.06
22.2,0.01207,65,-6.51,22.2,1.29E-04,1001,-0.06
22.4,0.01206,65,-2.19,22.4,1.29E-04,1000,-0.03
22.6,0.01206,65,-6.73,22.6,1.29E-04,998,0
22.8,0.01206,65,-28.51,22.8,1.29E-04,997,0
23,0.01193,65,-60.96,23,1.29E-04,997,0
23.2,0.01161,65,-82.52,23.2,1.29E-04,997,0
23.4,0.01128,65,-85.57,23.4,1.29E-04,996,0
23.6,0.01106,65,-85.79,23.6,1.29E-04,996,0
23.8,0.01078,65,-93.19,23.8,1.29E-04,996,0
24,0.0104,65,-99.57,24,1.29E-04,996,0
24.2,0.01007,65,-87.95,24.2,1.29E-04,996,0
24.4,0.00977,65,-58.64,24.4,1.29E-04,996,0
24.6,0.00965,65,-27.02,24.6,1.29E-04,996,0
24.8,0.00965,65,-10.35,24.8,1.29E-04,996,0
25,0.00965,65,-15.53,25,1.29E-04,996,0
25.2,0.00956,65,-28.1,25.2,1.29E-04,996,0
25.4,0.00943,65,-36.48,25.4,1.29E-04,996,0
25.6,0.00931,65,-41.02,25.6,1.29E-04,996,0
25.8,0.00917,65,-48.67,25.8,1.29E-04,996,0
26,0.009,65,-56.1,26,1.29E-04,996,0
26.2,0.00877,65,-53.31,26.2,1.29E-04,996,0
26.4,0.00859,65,-41.27,26.4,1.29E-04,996,0
26.6,0.00851,65,-32.64,26.6,1.29E-04,996,0
26.8,0.00843,65,-34.67,26.8,1.29E-04,996,0
27,0.00828,65,-42.48,27,1.29E-04,996,0
27.2,0.00813,65,-47.34,27.2,1.29E-04,996,0
27.4,0.00796,65,-44.13,27.4,1.29E-04,996,0
27.6,0.0078,65,-39.27,27.6,1.29E-04,996,0
27.8,0.00772,65,-39.43,27.8,1.29E-04,996,0
28,0.00758,65,-45.75,28,1.29E-04,996,0
28.2,0.00739,65,-52.58,28.2,1.29E-04,996,0
28.4,0.00722,65,-53.53,28.4,1.29E-04,996,0
28.6,0.00703,65,-49.72,28.6,1.29E-04,995,0
28.8,0.00687,65,-38.39,28.8,1.29E-04,995,0
29,0.00675,65,-21.49,29,1.29E-04,994,0
29.2,0.00674,65,-7.3,29.2,1.29E-04,994,0
29.4,0.00674,65,-0.79,29.4,1.29E-04,994,0
29.6,0.00674,65,-0.38,29.6,1.29E-04,994,0
29.8,0.00673,65,0.67,29.8,1.29E-04,994,0.03
30,0.00673,65,10.48,30,1.29E-04,993,0.06
30.2,0.00675,65,23.37,30.2,1.30E-04,993,0.06
30.4,0.00693,65,22.99,30.4,1.30E-04,993,0.03
30.6,0.00701,65,4.64,30.6,1.30E-04,993,0
30.8,0.00694,65,-18.1,30.8,1.30E-04,993,0
31,0.00683,65,-33.43,31,1.30E-04,993,0
31.2,0.00674,65,-45.31,31.2,1.30E-04,993,0
31.4,0.00654,65,-55.4,31.4,1.30E-04,993,0
31.6,0.00633,65,-56.77,31.6,1.30E-04,994,0
31.8,0.00614,65,-49.88,31.8,1.30E-04,994,0
32,0.006,65,-42.67,32,1.30E-04,995,0
32.2,0.00586,65,-36.23,32.2,1.30E-04,996,0
32.4,0.00575,65,-34,32.4,1.30E-04,996,0.03
32.6,0.00567,65,-35.66,32.6,1.30E-04,997,0.06
32.8,0.00552,65,-38.96,32.8,1.30E-04,999,0.06
33,0.00538,65,-39.21,33,1.30E-04,1001,0.03
33.2,0.00526,65,-37.37,33.2,1.30E-04,1002,0
33.4,0.00515,65,-39.05,33.4,1.30E-04,1001,0
33.6,0.005,65,-40.77,33.6,1.30E-04,1002,0
33.8,0.00485,65,-38.35,33.8,1.30E-04,1002,0
34,0.00474,65,-32.8,34,1.30E-04,1002,0
34.2,0.00465,65,-30.89,34.2,1.30E-04,1002,0
34.4,0.00455,65,-34.23,34.4,1.30E-04,1002,0
34.6,0.00442,65,-39.08,34.6,1.30E-04,1002,0
34.8,0.00428,65,-42.26,34.8,1.30E-04,1002,0
35,0.00414,65,-42.99,35,1.30E-04,1002,0
35.2,0.00399,64,-39.85,35.2,1.30E-04,1002,0
35.4,0.00385,64,-33.85,35.4,1.30E-04,1002,0
35.6,0.00377,65,-30.54,35.6,1.30E-04,1002,0
35.8,0.00368,65,-33.02,35.8,1.30E-04,1002,0
36,0.00355,65,-42.13,36,1.30E-04,1002,0
36.2,0.00341,65,-53.24,36.2,1.30E-04,1002,0
36.4,0.00319,65,-58.07,36.4,1.30E-04,1002,0
36.6,0.00297,65,-53.47,36.6,1.30E-04,1002,0
36.8,0.00283,65,-46.23,36.8,1.30E-04,1002,0
37,0.0027,65,-45.97,37,1.30E-04,1002,0
37.2,0.00253,65,-50.48,37.2,1.30E-04,1002,0
37.4,0.00235,65,-52.13,37.4,1.30E-04,1002,-0.03
37.6,0.00218,65,-51.66,37.6,1.30E-04,1002,-0.06
37.8,0.00202,65,-52.74,37.8,1.30E-04,1002,-0.06
38,0.00183,65,-54.1,38,1.30E-04,1002,-0.03
38.2,0.00164,65,-53.59,38.2,1.30E-04,1002,0
38.4,0.00147,65,-53.85,38.4,1.30E-04,1003,0
38.6,0.0013,65,-56.96,38.6,1.30E-04,1002,0
38.8,0.00109,65,-61.47,38.8,1.30E-04,1002,0
39,8.81E-04,65,-60.77,39,1.30E-04,1002,0
39.2,6.65E-04,65,-51.5,39.2,1.30E-04,1002,0
39.4,5.15E-04,65,-36.96,39.4,1.30E-04,1002,0
39.6,4.29E-04,65,-24.7,39.6,1.30E-04,1002,0
39.8,3.79E-04,65,-20.1,39.8,1.30E-04,1001,0
40,3.07E-04,65,-18.67,40,1.30E-04,1001,0
40.2,2.34E-04,65,-15.49,40.2,1.30E-04,1001,0
40.4,2.00E-04,63,-11.02,40.4,1.30E-04,1001,0
40.6,1.77E-04,63,-9.21,40.6,1.30E-04,1001,0
40.8,1.45E-04,62,-9.21,40.8,1.30E-04,1001,0
41,1.05E-04,62,-8.83,41,1.30E-04,1001,0
41.2,8.70E-05,62,-8.13,41.2,1.30E-04,1001,0
41.4,5.78E-05,62,-7.4,41.4,1.30E-04,1001,0
41.6,2.98E-05,46,-6.45,41.6,1.30E-04,1000,0
41.8,1.46E-05,-18,-4.83,41.8,1.30E-04,1000,0
42,1.27E-06,-91,-3.24,42,1.30E-04,1000,0
42.2,-1.02E-05,-160,-1.81,42.2,1.30E-04,1000,0
42.4,-1.02E-05,-160,-0.57,42.4,1.30E-04,1000,0
42.6,-1.02E-05,-158,0,42.6,1.30E-04,1000,0
42.8,-1.02E-05,-156,0,42.8,1.30E-04,1000,0
43,-1.02E-05,-153,0,43,1.30E-04,1000,0
43.2,-1.02E-05,-152,0.03,43.2,1.30E-04,1000,0
43.4,-1.02E-05,-152,0.13,43.4,1.30E-04,1000,0
43.6,-9.53E-06,-148,0.25,43.6,1.30E-04,1000,0
43.8,-8.26E-06,-131,0.29,43.8,1.30E-04,1000,0
44,-6.99E-06,-121,0.19,44,1.30E-04,1000,0
44.2,-6.99E-06,-115,0.06,44.2,1.30E-04,1000,0
44.4,-6.99E-06,-114,0,44.4,1.30E-04,1000,0
44.6,-6.99E-06,-114,0,44.6,1.30E-04,1000,0
44.8,-6.99E-06,-114,0.06,44.8,1.30E-04,1000,0
45,-6.99E-06,-113,0.19,45,1.30E-04,1000,0
45.2,-5.72E-06,-111,0.25,45.2,1.30E-04,1000,0
45.4,-4.45E-06,-96,0.19,45.4,1.30E-04,1000,0
45.6,-4.45E-06,-91,0.06,45.6,1.30E-04,1000,0
45.8,-4.45E-06,-89,0,45.8,1.30E-04,1000,0
46,-4.45E-06,-89,0,46,1.30E-04,1000,0
46.2,-4.45E-06,-89,0,46.2,1.30E-04,1000,0
46.4,-4.45E-06,-88,0,46.4,1.30E-04,1000,0
46.6,-4.45E-06,-88,0,46.6,1.30E-04,1000,0
46.8,-4.45E-06,-88,0,46.8,1.30E-04,1000,0
47,-4.45E-06,-88,0,47,1.30E-04,1000,0
47.2,-4.45E-06,-88,0,47.2,1.30E-04,1000,0
47.4,-4.45E-06,-88,0,47.4,1.30E-04,1000,0
47.6,-4.45E-06,-87,0,47.6,1.30E-04,1000,0
47.8,-4.45E-06,-87,0,47.8,1.30E-04,1000,0
48,-4.45E-06,-87,0,48,1.30E-04,1000,0
48.2,-4.45E-06,-87,0,48.2,1.30E-04,1000,0
48.4,-4.45E-06,-87,0,48.4,1.30E-04,1000,0
48.6,-4.45E-06,-87,0,48.6,1.30E-04,1000,0
48.8,-4.45E-06,-87,0,48.8,1.30E-04,1000,0
49,-4.45E-06,-87,0,49,1.30E-04,1000,0
49.2,-4.45E-06,-87,0,49.2,1.30E-04,1000,0
49.4,-4.45E-06,-87,0,49.4,1.30E-04,1000,0
49.6,-4.45E-06,-87,0,49.6,1.30E-04,1000,0
49.8,-4.45E-06,-87,0,49.8,1.30E-04,1000,0
50,-4.45E-06,-87,0,50,1.30E-04,1000,0
50.2,-4.45E-06,-87,0,50.2,1.30E-04,1000,0
50.4,-4.45E-06,-87,0,50.4,1.30E-04,1000,0
50.6,-4.45E-06,-87,0,50.6,1.30E-04,1000,0
50.8,-4.45E-06,-87,0,50.8,1.30E-04,1000,0
51,-4.45E-06,-87,0,51,1.30E-04,1000,0
51.2,-4.45E-06,-87,0,51.2,1.30E-04,1000,0
51.4,-4.45E-06,-87,0,51.4,1.30E-04,1000,0
51.6,-4.45E-06,-87,0,51.6,1.30E-04,1000,0
51.8,-4.45E-06,-87,0,51.8,1.30E-04,1000,0
52,-4.45E-06,-87,0,52,1.30E-04,1000,0
52.2,-4.45E-06,-87,0,52.2,1.30E-04,1000,0
52.4,-4.45E-06,-87,0,52.4,1.30E-04,1000,0
52.6,-4.45E-06,-87,0,52.6,1.30E-04,1000,0
52.8,-4.45E-06,-87,0,52.8,1.30E-04,1000,0
53,-4.45E-06,-87,0,53,1.30E-04,1000,0
53.2,-4.45E-06,-87,0,53.2,1.30E-04,1000,0
53.4,-4.45E-06,-87,0,53.4,1.30E-04,1000,0
53.6,-4.45E-06,-87,0,53.6,1.30E-04,1000,0
53.8,-4.45E-06,-87,0,53.8,1.30E-04,1000,0
54,-4.45E-06,-87,0,54,1.30E-04,1000,0
54.2,-4.45E-06,-87,0,54.2,1.30E-04,1000,0
54.4,-4.45E-06,-87,0,54.4,1.30E-04,1000,0
54.6,-4.45E-06,-87,0,54.6,1.30E-04,1000,0
54.8,-4.45E-06,-87,0,54.8,1.30E-04,1000,0
55,-4.45E-06,-87,0,55,1.30E-04,1000,0
55.2,-4.45E-06,-87,0,55.2,1.30E-04,1000,0
55.4,-4.45E-06,-87,0,55.4,1.30E-04,1000,0
55.6,-4.45E-06,-87,0,55.6,1.30E-04,1000,0
55.8,-4.45E-06,-87,0,55.8,1.30E-04,1000,0
56,-4.45E-06,-87,0,56,1.30E-04,1000,0
56.2,-4.45E-06,-87,0,56.2,1.30E-04,1000,0
56.4,-4.45E-06,-87,0,56.4,1.30E-04,1000,0
56.6,-4.45E-06,-87,0,56.6,1.30E-04,1000,0
56.8,-4.45E-06,-87,0,56.8,1.30E-04,1000,0
57,-4.45E-06,-87,0,57,1.30E-04,1000,0
57.2,-4.45E-06,-87,0,57.2,1.30E-04,1000,0
57.4,-4.45E-06,-87,0,57.4,1.30E-04,1000,0
57.6,-4.45E-06,-87,0,57.6,1.30E-04,1000,0
57.8,-4.45E-06,-87,0,57.8,1.30E-04,1000,0
58,-4.45E-06,-87,0,58,1.30E-04,1000,0
58.2,-4.45E-06,-87,0,58.2,1.30E-04,1000,0
58.4,-4.45E-06,-87,0,58.4,1.30E-04,1000,0
58.6,-4.45E-06,-87,0,58.6,1.30E-04,1000,0
58.8,-4.45E-06,-87,0,58.8,1.30E-04,1000,0
59,-4.45E-06,-87,0,59,1.30E-04,1000,0
59.2,-4.45E-06,-87,0,59.2,1.30E-04,1000,0
59.4,-4.45E-06,-87,0,59.4,1.30E-04,1000,0
59.6,-4.45E-06,-87,0,59.6,1.30E-04,1000,0
59.8,-4.45E-06,-87,0,59.8,1.30E-04,1000,0
60,-4.45E-06,-87,0,60,1.30E-04,1000,0
60.2,-4.45E-06,-86,0,60.2,1.30E-04,1000,0
60.4,-4.45E-06,-86,0,60.4,1.30E-04,1000,0
60.6,-4.45E-06,-87,0,60.6,1.30E-04,1000,0
60.8,-4.45E-06,-87,0,60.8,1.30E-04,1000,0
61,-4.45E-06,-86,0,61,1.30E-04,1000,0
61.2,-4.45E-06,-86,0,61.2,1.30E-04,1000,0
61.4,-4.45E-06,-86,0,61.4,1.30E-04,1000,0
61.6,-4.45E-06,-86,0,61.6,1.30E-04,1000,0
61.8,-4.45E-06,-86,0,61.8,1.30E-04,1000,0
62,-4.45E-06,-86,0,62,1.30E-04,1000,0
62.2,-4.45E-06,-86,0,62.2,1.30E-04,1000,0
62.4,-4.45E-06,-86,0,62.4,1.30E-04,1000,0
62.6,-4.45E-06,-86,0,62.6,1.30E-04,1000,0
62.8,-4.45E-06,-86,0,62.8,1.30E-04,1000,0
63,-4.45E-06,-86,0,63,1.30E-04,1000,0
63.2,-4.45E-06,-86,0,63.2,1.30E-04,1000,0
63.4,-4.45E-06,-87,0,63.4,1.30E-04,1000,0
63.6,-4.45E-06,-87,0,63.6,1.30E-04,1000,0
63.8,-4.45E-06,-87,0,63.8,1.30E-04,1000,0
64,-4.45E-06,-88,0,64,1.30E-04,1000,0
64.2,-4.45E-06,-88,0,64.2,1.30E-04,1000,0
64.4,-4.45E-06,-88,0,64.4,1.30E-04,1000,0
64.6,-4.45E-06,-88,0,64.6,1.30E-04,1000,0
64.8,-4.45E-06,-88,0,64.8,1.30E-04,1000,0
65,-4.45E-06,-88,0,65,1.30E-04,1000,0
65.2,-4.45E-06,-87,0,65.2,1.30E-04,1000,0
65.4,-4.45E-06,-87,0,65.4,1.30E-04,1000,0
65.6,-4.45E-06,-87,0,65.6,1.30E-04,1000,0
65.8,-4.45E-06,-85,0,65.8,1.30E-04,1000,0
66,-4.45E-06,-85,0,66,1.30E-04,1000,0
66.2,-4.45E-06,-86,0,66.2,1.30E-04,1000,0
66.4,-4.45E-06,-86,0,66.4,1.30E-04,1000,0
66.6,-4.45E-06,-86,0,66.6,1.30E-04,1000,0
66.8,-4.45E-06,-86,0,66.8,1.30E-04,1000,0
67,-4.45E-06,-86,0,67,1.30E-04,1000,0
67.2,-4.45E-06,-86,0,67.2,1.30E-04,1000,0
67.4,-4.45E-06,-86,0,67.4,1.30E-04,1000,0
67.6,-4.45E-06,-86,0,67.6,1.30E-04,1000,0
67.8,-4.45E-06,-86,0,67.8,1.30E-04,1000,0
68,-4.45E-06,-86,0,68,1.30E-04,1000,0
68.2,-4.45E-06,-86,0,68.2,1.30E-04,1000,0
68.4,-4.45E-06,-86,0,68.4,1.30E-04,1000,0
68.6,-4.45E-06,-86,0,68.6,1.30E-04,1000,0
68.8,-4.45E-06,-86,0,68.8,1.30E-04,1000,0
69,-4.45E-06,-86,0,69,1.30E-04,1000,0
69.2,-4.45E-06,-86,0,69.2,1.30E-04,1000,0
69.4,-4.45E-06,-86,0,69.4,1.30E-04,1000,0
69.6,-4.45E-06,-86,0,69.6,1.30E-04,1000,0
69.8,-4.45E-06,-86,0,69.8,1.30E-04,1000,0
70,-4.45E-06,-86,0,70,1.30E-04,1000,0
70.2,-4.45E-06,-86,0,70.2,1.30E-04,1000,0
70.4,-4.45E-06,-86,0,70.4,1.30E-04,1000,0
70.6,-4.45E-06,-86,0,70.6,1.30E-04,1000,0
70.8,-4.45E-06,-86,0,70.8,1.30E-04,1000,0
71,-4.45E-06,-86,0,71,1.30E-04,1000,0
71.2,-4.45E-06,-86,0,71.2,1.30E-04,1000,0
71.4,-4.45E-06,-86,0,71.4,1.30E-04,1000,0
71.6,-4.45E-06,-86,0,71.6,1.30E-04,1000,0
71.8,-4.45E-06,-86,0,71.8,1.30E-04,1000,0
72,-4.45E-06,-86,0,72,1.30E-04,1000,0
72.2,-4.45E-06,-86,0,72.2,1.30E-04,1000,0
72.4,-4.45E-06,-86,0,72.4,1.30E-04,1000,0
72.6,-4.45E-06,-86,0,72.6,1.30E-04,1000,0
72.8,-4.45E-06,-86,0,72.8,1.30E-04,1000,0
73,-4.45E-06,-86,0,73,1.30E-04,1000,0
73.2,-4.45E-06,-86,0,73.2,1.30E-04,1000,0
73.4,-4.45E-06,-86,0,73.4,1.30E-04,1000,0
73.6,-4.45E-06,-86,0,73.6,1.30E-04,1000,0
73.8,-4.45E-06,-86,0,73.8,1.30E-04,1000,0
74,-4.45E-06,-86,0,74,1.30E-04,1000,0
74.2,-4.45E-06,-86,0,74.2,1.30E-04,1000,0
74.4,-4.45E-06,-86,0,74.4,1.30E-04,1000,0
74.6,-4.45E-06,-86,0,74.6,1.30E-04,1000,0
74.8,-4.45E-06,-86,0,74.8,1.30E-04,1000,0
75,-4.45E-06,-86,0,75,1.30E-04,1000,0
75.2,-4.45E-06,-86,0,75.2,1.30E-04,1000,0
75.4,-4.45E-06,-86,0,75.4,1.30E-04,1000,0
75.6,-4.45E-06,-86,0,75.6,1.30E-04,1000,0
75.8,-4.45E-06,-86,0,75.8,1.30E-04,1000,0
76,-4.45E-06,-86,0,76,1.30E-04,1000,0
76.2,-4.45E-06,-86,0,76.2,1.30E-04,1000,0
76.4,-4.45E-06,-86,0,76.4,1.30E-04,1000,0
76.6,-4.45E-06,-86,0,76.6,1.30E-04,1000,0
76.8,-4.45E-06,-86,0,76.8,1.30E-04,1000,0
77,-4.45E-06,-86,0,77,1.30E-04,1000,0
77.2,-4.45E-06,-86,0,77.2,1.30E-04,1000,0
77.4,-4.45E-06,-86,0,77.4,1.30E-04,1000,0
77.6,-4.45E-06,-86,0,77.6,1.30E-04,1000,0
77.8,-4.45E-06,-86,0,77.8,1.30E-04,1000,0
78,-4.45E-06,-86,0,78,1.30E-04,1000,0
78.2,-4.45E-06,-86,0,78.2,1.30E-04,1000,0
78.4,-4.45E-06,-86,0,78.4,1.30E-04,1000,0
78.6,-4.45E-06,-86,0,78.6,1.30E-04,1000,0
78.8,-4.45E-06,-86,0,78.8,1.30E-04,1000,0
79,-4.45E-06,-86,0.44,79,1.30E-04,1000,0
79.2,-4.45E-06,-86,0.89,79.2,1.30E-04,1000,0
79.4,4.45E-06,86,0.89,79.4,1.30E-04,1000,0
79.6,4.45E-06,86,0.44,79.6,1.30E-04,1000,0
79.8,4.45E-06,86,0,79.8,1.30E-04,1000,0
80,4.45E-06,86,0,80,1.30E-04,1000,0
80.2,4.45E-06,86,0,80.2,1.30E-04,1000,0
80.4,4.45E-06,86,0,80.4,1.30E-04,1000,0
80.6,4.45E-06,86,0,80.6,1.30E-04,1000,0
80.8,4.45E-06,87,0,80.8,1.30E-04,1000,0
81,4.45E-06,86,0,81,1.30E-04,1000,0
81.2,4.45E-06,86,0,81.2,1.30E-04,1000,0
81.4,4.45E-06,86,0,81.4,1.30E-04,1000,0
81.6,4.45E-06,86,0,81.6,1.30E-04,1000,0
81.8,4.45E-06,86,0,81.8,1.30E-04,1000,0
82,4.45E-06,86,0,82,1.30E-04,1000,0
82.2,4.45E-06,86,0,82.2,1.30E-04,1000,0
82.4,4.45E-06,86,0,82.4,1.30E-04,1000,0
82.6,4.45E-06,86,0,82.6,1.30E-04,1000,0
82.8,4.45E-06,86,0,82.8,1.30E-04,1000,0
83,4.45E-06,86,0,83,1.30E-04,1000,0
83.2,4.45E-06,86,0,83.2,1.30E-04,1000,0
83.4,4.45E-06,86,0,83.4,1.30E-04,1000,0
83.6,4.45E-06,86,0,83.6,1.30E-04,1000,0
83.8,4.45E-06,86,0,83.8,1.30E-04,1000,0
84,4.45E-06,86,0,84,1.30E-04,1000,0
84.2,4.45E-06,86,0,84.2,1.30E-04,1000,0
84.4,4.45E-06,86,0,84.4,1.30E-04,1000,0
84.6,4.45E-06,86,0,84.6,1.30E-04,1000,0
84.8,4.45E-06,86,0,84.8,1.30E-04,1000,0
85,4.45E-06,86,0,85,1.30E-04,1000,0
85.2,4.45E-06,86,0,85.2,1.30E-04,1000,0
85.4,4.45E-06,86,0,85.4,1.30E-04,1000,0
85.6,4.45E-06,86,0,85.6,1.30E-04,1000,0
85.8,4.45E-06,86,0,85.8,1.30E-04,1000,0
86,4.45E-06,86,0,86,1.30E-04,1000,0
86.2,4.45E-06,86,0,86.2,1.30E-04,1000,0
86.4,4.45E-06,86,0,86.4,1.30E-04,1000,0
86.6,4.45E-06,86,0,86.6,1.30E-04,1000,0
86.8,4.45E-06,86,0,86.8,1.30E-04,1000,0
87,4.45E-06,86,0,87,1.30E-04,1000,0
87.2,4.45E-06,86,0.16,87.2,1.30E-04,1000,0
87.4,4.45E-06,87,0.32,87.4,1.30E-04,1000,0
87.6,7.62E-06,110,0.35,87.6,1.30E-04,1000,0
87.8,7.62E-06,117,0.25,87.8,1.30E-04,1000,0
88,8.26E-06,128,0.1,88,1.30E-04,1000,0
88.2,8.89E-06,130,0.03,88.2,1.30E-04,1000,0
88.4,8.26E-06,129,-0.03,88.4,1.30E-04,1000,0
88.6,8.26E-06,128,-0.03,88.6,1.30E-04,1000,0
88.8,8.26E-06,127,0,88.8,1.30E-04,1000,0
89,8.26E-06,127,0,89,1.30E-04,999,0
89.2,8.26E-06,127,0,89.2,1.30E-04,1000,0
89.4,8.26E-06,127,0,89.4,1.30E-04,999,0
89.6,8.26E-06,127,0,89.6,1.30E-04,1000,0
89.8,8.26E-06,127,0,89.8,1.30E-04,1000,0
90,8.26E-06,126,0,90,1.30E-04,1000,0
90.2,8.26E-06,126,0,90.2,1.30E-04,1000,0
90.4,8.26E-06,126,0,90.4,1.30E-04,1000,0
90.6,8.26E-06,127,0,90.6,1.30E-04,1000,0
90.8,8.26E-06,126,0,90.8,1.30E-04,1000,0
91,8.26E-06,126,0,91,1.30E-04,1000,0
91.2,8.26E-06,126,0,91.2,1.30E-04,999,0
91.4,8.26E-06,126,0,91.4,1.30E-04,1000,0
91.6,8.26E-06,126,0,91.6,1.30E-04,1000,0
91.8,8.26E-06,126,0,91.8,1.30E-04,1000,0
92,8.26E-06,126,0,92,1.30E-04,1000,0
92.2,8.26E-06,126,0,92.2,1.30E-04,1000,0
92.4,8.26E-06,126,0,92.4,1.30E-04,1000,0
92.6,8.26E-06,126,0,92.6,1.30E-04,1000,0
92.8,8.26E-06,126,0,92.8,1.30E-04,1000,0
93,8.26E-06,126,0,93,1.30E-04,1000,0
93.2,8.26E-06,126,0,93.2,1.30E-04,1000,0
93.4,8.26E-06,126,0,93.4,1.30E-04,1000,0
93.6,8.26E-06,126,0,93.6,1.30E-04,1000,0
93.8,8.26E-06,126,0,93.8,1.30E-04,1000,0
94,8.26E-06,127,0,94,1.30E-04,1000,0
94.2,8.26E-06,128,0,94.2,1.30E-04,1000,0
94.4,8.26E-06,128,0,94.4,1.30E-04,1000,0
94.6,8.26E-06,128,0.03,94.6,1.30E-04,1000,0
94.8,8.26E-06,128,0.06,94.8,1.30E-04,1000,0
95,8.89E-06,128,0.1,95,1.30E-04,1000,0
95.2,8.89E-06,129,0.1,95.2,1.30E-04,1000,0
95.4,9.53E-06,138,0.06,95.4,1.30E-04,1000,0
95.6,9.53E-06,139,0.03,95.6,1.30E-04,1000,0
95.8,9.53E-06,139,0.03,95.8,1.30E-04,1000,0
96,9.53E-06,139,0.13,96,1.30E-04,1000,0
96.2,1.02E-05,144,0.19,96.2,1.30E-04,1000,0
96.4,1.14E-05,160,0.16,96.4,1.30E-04,1000,0
96.6,1.14E-05,159,0.06,96.6,1.30E-04,1000,0
96.8,1.14E-05,158,0,96.8,1.30E-04,1000,0
97,1.14E-05,157,0,97,1.30E-04,1000,0
97.2,1.14E-05,156,0,97.2,1.30E-04,1000,0
97.4,1.14E-05,155,0,97.4,1.30E-04,1000,0
97.6,1.14E-05,155,0,97.6,1.30E-04,1000,0
97.8,1.14E-05,154,0,97.8,1.30E-04,1000,0
98,1.14E-05,154,0,98,1.30E-04,1000,0
98.2,1.14E-05,153,0,98.2,1.30E-04,1000,0
98.4,1.14E-05,153,0,98.4,1.30E-04,1000,0
98.6,1.14E-05,153,0,98.6,1.30E-04,1000,0
98.8,1.14E-05,153,0,98.8,1.30E-04,1000,0
99,1.14E-05,152,-0.03,99,1.30E-04,1000,0
99.2,1.14E-05,152,-0.06,99.2,1.30E-04,1000,0
99.4,1.08E-05,151,-0.1,99.4,1.30E-04,1000,0
99.6,1.08E-05,148,-0.1,99.6,1.30E-04,1000,0
99.8,1.02E-05,136,-0.06,99.8,1.30E-04,1000,0
100,1.02E-05,136,-0.03,100,1.30E-04,1000,0
100.2,1.02E-05,135,0,100.2,1.30E-04,1000,0
100.4,1.02E-05,135,0,100.4,1.30E-04,1000,0
100.6,1.02E-05,136,0,100.6,1.30E-04,1000,0
100.8,1.02E-05,135,0,100.8,1.30E-04,1000,0
101,1.02E-05,135,0,101,1.30E-04,1000,0
101.2,1.02E-05,135,0,101.2,1.30E-04,1000,0
101.4,1.02E-05,135,0,101.4,1.30E-04,1000,0
101.6,1.02E-05,135,0,101.6,1.30E-04,1000,0
101.8,1.02E-05,136,0,101.8,1.30E-04,1000,0
102,1.02E-05,135,0,102,1.30E-04,1000,0
102.2,1.02E-05,135,0,102.2,1.30E-04,1000,0
102.4,1.02E-05,135,0,102.4,1.30E-04,1000,0
102.6,1.02E-05,135,0,102.6,1.30E-04,1000,0
102.8,1.02E-05,135,0,102.8,1.30E-04,1000,0
103,1.02E-05,135,0,103,1.30E-04,1000,0
103.2,1.02E-05,135,0,103.2,1.30E-04,1000,0
103.4,1.02E-05,135,0,103.4,1.30E-04,1000,0
103.6,1.02E-05,135,0,103.6,1.30E-04,1000,0
103.8,1.02E-05,135,0,103.8,1.30E-04,1000,0
104,1.02E-05,135,0,104,1.30E-04,1000,0
104.2,1.02E-05,135,0,104.2,1.30E-04,1000,0
104.4,1.02E-05,135,0,104.4,1.30E-04,1000,0
104.6,1.02E-05,135,0,104.6,1.30E-04,1000,0
104.8,1.02E-05,135,0,104.8,1.30E-04,999,0
105,1.02E-05,135,0,105,1.30E-04,1000,0
105.2,1.02E-05,135,0,105.2,1.30E-04,1000,0
105.4,1.02E-05,135,0,105.4,1.30E-04,1000,0
105.6,1.02E-05,135,0,105.6,1.30E-04,999,0
105.8,1.02E-05,136,0,105.8,1.30E-04,999,0
106,1.02E-05,136,0,106,1.30E-04,1000,0
106.2,1.02E-05,136,0,106.2,1.30E-04,999,0
106.4,1.02E-05,136,0,106.4,1.30E-04,999,0
106.6,1.02E-05,136,-0.03,106.6,1.30E-04,1000,0
106.8,1.02E-05,136,-0.13,106.8,1.30E-04,999,0
107,9.53E-06,135,-0.19,107,1.30E-04,999,0
107.2,8.26E-06,123,-0.19,107.2,1.30E-04,1000,0
107.4,8.26E-06,122,-0.16,107.4,1.30E-04,1000,0
107.6,7.62E-06,120,-0.19,107.6,1.30E-04,1000,0
107.8,6.99E-06,114,-0.25,107.8,1.30E-04,1000,0
108,5.72E-06,106,-0.25,108,1.30E-04,1000,0
108.2,5.08E-06,96,-0.25,108.2,1.30E-04,1000,0
108.4,4.45E-06,90,-0.22,108.4,1.30E-04,1000,0
108.6,3.18E-06,80,-0.16,108.6,1.30E-04,1000,0
108.8,3.18E-06,75,-0.06,108.8,1.30E-04,999,0
109,3.18E-06,73,0,109,1.30E-04,1000,0
109.2,3.18E-06,72,0,109.2,1.30E-04,1000,0
109.4,3.18E-06,71,0,109.4,1.30E-04,1000,0
109.6,3.18E-06,71,-0.03,109.6,1.30E-04,1000,0
109.8,3.18E-06,71,-0.06,109.8,1.30E-04,1000,0
110,2.54E-06,70,-0.06,110,1.30E-04,1000,0
110.2,2.54E-06,67,-0.03,110.2,1.30E-04,1000,0
110.4,2.54E-06,66,0,110.4,1.30E-04,999,0
110.6,2.54E-06,65,0,110.6,1.30E-04,1000,0
110.8,2.54E-06,65,0,110.8,1.30E-04,999,0
111,2.54E-06,65,-0.06,111,1.30E-04,1000,0
111.2,2.54E-06,64,-0.13,111.2,1.30E-04,999,0
111.4,1.27E-06,61,-0.16,111.4,1.30E-04,1000,0
111.6,1.27E-06,55,-0.13,111.6,1.30E-04,1000,0
111.8,6.35E-07,53,-0.06,111.8,1.30E-04,1000,0
112,6.35E-07,52,-0.03,112,1.30E-04,1000,0
112.2,6.35E-07,51,0,112.2,1.30E-04,999,0
112.4,6.35E-07,50,0,112.4,1.30E-04,1000,0
112.6,6.35E-07,50,0,112.6,1.30E-04,1000,0
112.8,6.35E-07,50,0,112.8,1.30E-04,1000,0
113,6.35E-07,50,0.03,113,1.30E-04,1000,0
113.2,6.35E-07,50,0.06,113.2,1.30E-04,1000,0
113.4,1.27E-06,50,0.13,113.4,1.30E-04,1000,0
113.6,1.27E-06,50,0.19,113.6,1.30E-04,1000,0
113.8,2.54E-06,58,0.22,113.8,1.30E-04,1000,0
114,3.18E-06,62,0.19,114,1.30E-04,1000,0
114.2,3.81E-06,68,0.1,114.2,1.30E-04,1000,0
114.4,3.81E-06,71,0.06,114.4,1.30E-04,1000,0
114.6,3.81E-06,72,0.13,114.6,1.30E-04,1000,0
114.8,4.45E-06,80,0.22,114.8,1.30E-04,1000,0
115,5.72E-06,93,0.25,115,1.30E-04,1000,0
115.2,6.35E-06,98,0.22,115.2,1.30E-04,1000,0
115.4,6.99E-06,107,0.16,115.4,1.30E-04,1000,0
115.6,7.62E-06,112,0.1,115.6,1.30E-04,1000,0
115.8,7.62E-06,117,0.03,115.8,1.30E-04,1000,0
116,7.62E-06,118,0.03,116,1.30E-04,1000,0
116.2,7.62E-06,118,0.06,116.2,1.30E-04,1000,0
116.4,8.26E-06,120,0.06,116.4,1.30E-04,1000,0
116.6,8.26E-06,121,0.06,116.6,1.30E-04,1000,0
116.8,8.26E-06,123,0.06,116.8,1.30E-04,1000,0
117,8.89E-06,126,0.1,117,1.30E-04,1000,0
117.2,8.89E-06,130,0.1,117.2,1.30E-04,1000,0
117.4,9.53E-06,132,0.06,117.4,1.30E-04,1000,0
117.6,9.53E-06,134,0.03,117.6,1.30E-04,999,0
117.8,9.53E-06,135,0,117.8,1.30E-04,1000,0
118,9.53E-06,136,0.03,118,1.30E-04,1000,0
118.2,9.53E-06,138,0.06,118.2,1.30E-04,1000,0
118.4,1.02E-05,141,0.1,118.4,1.30E-04,1000,0
118.6,1.02E-05,144,0.1,118.6,1.30E-04,1000,0
118.8,1.08E-05,148,0.06,118.8,1.30E-04,1000,0
119,1.08E-05,150,0.03,119,1.30E-04,1000,0
119.2,1.08E-05,148,0,119.2,1.30E-04,999,0
119.4,1.08E-05,148,-0.03,119.4,1.30E-04,1000,0
119.6,1.08E-05,148,-0.06,119.6,1.30E-04,1000,0
119.8,1.02E-05,144,-0.13,119.8,1.30E-04,1000,0
120,1.02E-05,142,-0.19,120,1.30E-04,1000,0
120.2,8.89E-06,126,-0.22,120.2,1.30E-04,1000,0
120.4,8.26E-06,120,-0.25,120.4,1.30E-04,1000,0
120.6,7.62E-06,115,-0.22,120.6,1.30E-04,1000,0
120.8,6.35E-06,108,-0.19,120.8,1.30E-04,1000,0
121,6.35E-06,104,-0.13,121,1.30E-04,1000,0
121.2,5.72E-06,102,-0.1,121.2,1.30E-04,1000,0
121.4,5.72E-06,101,-0.13,121.4,1.30E-04,999,0
121.6,5.08E-06,98,-0.13,121.6,1.30E-04,1000,0
121.8,4.45E-06,91,-0.1,121.8,1.30E-04,1000,0
122,4.45E-06,88,-0.03,122,1.30E-04,1000,0
122.2,4.45E-06,87,0,122.2,1.30E-04,1000,0
122.4,4.45E-06,86,0,122.4,1.30E-04,999,0
122.6,4.45E-06,85,0,122.6,1.30E-04,1000,0
122.8,4.45E-06,85,0,122.8,1.30E-04,1000,0
123,4.45E-06,85,-0.06,123,1.30E-04,1000,0
123.2,4.45E-06,84,-0.13,123.2,1.30E-04,1000,0
123.4,3.18E-06,77,-0.13,123.4,1.30E-04,1000,0
123.6,3.18E-06,72,-0.1,123.6,1.30E-04,1000,0
123.8,3.18E-06,71,-0.06,123.8,1.30E-04,1000,0
124,2.54E-06,70,-0.06,124,1.30E-04,1000,0
124.2,2.54E-06,70,-0.1,124.2,1.30E-04,1000,0
124.4,2.54E-06,68,-0.13,124.4,1.30E-04,1000,0
124.6,1.27E-06,64,-0.13,124.6,1.30E-04,1000,0
124.8,1.27E-06,55,-0.06,124.8,1.30E-04,1000,0
125,1.27E-06,54,0,125,1.30E-04,1000,0
125.2,1.27E-06,53,0,125.2,1.30E-04,1000,0
125.4,1.27E-06,53,0,125.4,1.30E-04,1000,0
125.6,1.27E-06,52,0,125.6,1.30E-04,1000,0
125.8,1.27E-06,52,0,125.8,1.30E-04,1000,0
126,1.27E-06,52,0,126,1.30E-04,1000,0
126.2,1.27E-06,52,0,126.2,1.30E-04,1000,0
126.4,1.27E-06,52,0,126.4,1.30E-04,999,0
126.6,1.27E-06,52,0.16,126.6,1.30E-04,999,0
126.8,1.27E-06,52,0.48,126.8,1.30E-04,1000,0
127,4.45E-06,61,0.73,127,1.30E-04,1000,0
127.2,7.62E-06,111,0.73,127.2,1.30E-04,1000,0
127.4,9.53E-06,133,0.48,127.4,1.30E-04,1000,0
127.6,1.08E-05,146,0.22,127.6,1.30E-04,1000,0
127.8,1.08E-05,149,0.06,127.8,1.30E-04,1000,0
128,1.08E-05,150,0,128,1.30E-04,1000,0
128.2,1.08E-05,149,-0.03,128.2,1.30E-04,1000,0
128.4,1.08E-05,147,-0.35,128.4,1.30E-04,1000,0
128.6,1.02E-05,143,-0.73,128.6,1.30E-04,1000,0
128.8,4.45E-06,96,-0.86,128.8,1.30E-04,1000,0
129,2.54E-06,77,-0.6,129,1.30E-04,1000,0
129.2,1.27E-06,59,-0.22,129.2,1.30E-04,1000,0
129.4,1.27E-06,55,-0.06,129.4,1.30E-04,999,0
129.6,1.27E-06,52,0,129.6,1.30E-04,1000,0
129.8,1.27E-06,51,0,129.8,1.30E-04,1000,0
130,1.27E-06,51,0,130,1.30E-04,1000,0
130.2,1.27E-06,50,0,130.2,1.30E-04,1000,0
130.4,1.27E-06,50,0,130.4,1.30E-04,1000,0
130.6,1.27E-06,50,0,130.6,1.30E-04,1000,0
130.8,1.27E-06,49,0,130.8,1.30E-04,1000,0
131,1.27E-06,49,0,131,1.30E-04,1000,0
131.2,1.27E-06,49,0.16,131.2,1.30E-04,1000,0
131.4,1.27E-06,50,0.38,131.4,1.30E-04,1000,0
131.6,4.45E-06,65,0.54,131.6,1.30E-04,1000,0
131.8,5.72E-06,86,0.51,131.8,1.30E-04,1000,0
132,7.62E-06,108,0.32,132,1.30E-04,1000,0
132.2,8.26E-06,117,0.16,132.2,1.30E-04,1000,0
132.4,8.26E-06,118,0.03,132.4,1.30E-04,1000,0
132.6,8.26E-06,118,0,132.6,1.30E-04,1000,0
132.8,8.26E-06,118,0.03,132.8,1.30E-04,1000,0
133,8.26E-06,119,0.1,133,1.30E-04,1000,0
133.2,8.89E-06,127,0.13,133.2,1.30E-04,1000,0
133.4,9.53E-06,132,0.1,133.4,1.30E-04,1000,0
133.6,9.53E-06,134,0.06,133.6,1.30E-04,1000,0
133.8,9.53E-06,134,0.1,133.8,1.30E-04,1000,0
134,1.02E-05,138,0.13,134,1.30E-04,1000,0
134.2,1.08E-05,144,0.1,134.2,1.30E-04,1000,0
134.4,1.08E-05,144,0.03,134.4,1.30E-04,1000,0
134.6,1.08E-05,145,0,134.6,1.30E-04,1000,0
134.8,1.08E-05,145,0.03,134.8,1.30E-04,1000,0
135,1.08E-05,147,0.06,135,1.30E-04,1000,0
135.2,1.14E-05,151,0.06,135.2,1.30E-04,1000,0
135.4,1.14E-05,153,0.03,135.4,1.30E-04,1000,0
135.6,1.14E-05,153,-0.03,135.6,1.30E-04,1000,0
135.8,1.14E-05,151,-0.1,135.8,1.30E-04,1000,0
136,1.08E-05,146,-0.13,136,1.30E-04,1000,0
136.2,1.02E-05,135,-0.1,136.2,1.30E-04,1000,0
136.4,1.02E-05,132,-0.03,136.4,1.30E-04,1000,0
136.6,1.02E-05,131,-0.03,136.6,1.30E-04,1000,0
136.8,1.02E-05,131,-0.06,136.8,1.30E-04,1000,0
137,9.53E-06,130,-0.06,137,1.30E-04,1000,0
137.2,9.53E-06,129,-0.03,137.2,1.30E-04,1000,0
137.4,9.53E-06,129,-0.03,137.4,1.30E-04,1000,0
137.6,9.53E-06,128,-0.06,137.6,1.30E-04,1000,0
137.8,8.89E-06,126,-0.1,137.8,1.30E-04,1000,0
138,8.89E-06,122,-0.1,138,1.30E-04,1000,0
138.2,8.26E-06,121,-0.1,138.2,1.30E-04,1000,0
138.4,8.26E-06,119,-0.1,138.4,1.30E-04,1000,0
138.6,7.62E-06,116,-0.06,138.6,1.30E-04,1000,0
138.8,7.62E-06,114,-0.03,138.8,1.30E-04,1000,0
139,7.62E-06,113,0,139,1.30E-04,1000,0
139.2,7.62E-06,112,-0.1,139.2,1.30E-04,1000,0
139.4,7.62E-06,111,-0.19,139.4,1.30E-04,1000,0
139.6,5.72E-06,106,-0.19,139.6,1.30E-04,1000,0
139.8,5.72E-06,100,-0.1,139.8,1.30E-04,1000,0
140,5.72E-06,99,-0.03,140,1.30E-04,1000,0
140.2,5.72E-06,98,-0.06,140.2,1.30E-04,1000,0
140.4,5.08E-06,94,-0.06,140.4,1.30E-04,1000,0
140.6,5.08E-06,93,-0.03,140.6,1.30E-04,1000,0
140.8,5.08E-06,92,0,140.8,1.30E-04,1000,0
141,5.08E-06,91,0,141,1.30E-04,1000,0
141.2,5.08E-06,90,0,141.2,1.30E-04,1000,0
141.4,5.08E-06,89,-0.03,141.4,1.30E-04,999,0
141.6,5.08E-06,88,-0.06,141.6,1.30E-04,1000,0
141.8,4.45E-06,87,-0.06,141.8,1.30E-04,1000,0
142,4.45E-06,84,-0.06,142,1.30E-04,1000,0
142.2,4.45E-06,83,-0.06,142.2,1.30E-04,1000,0
142.4,3.81E-06,81,-0.06,142.4,1.30E-04,1000,0
142.6,3.81E-06,77,-0.06,142.6,1.30E-04,1000,0
142.8,3.81E-06,76,-0.06,142.8,1.30E-04,1000,0
143,3.18E-06,74,-0.1,143,1.30E-04,1000,0
143.2,3.18E-06,72,-0.13,143.2,1.30E-04,1000,0
143.4,2.54E-06,66,-0.13,143.4,1.30E-04,1000,0
143.6,1.91E-06,63,-0.13,143.6,1.30E-04,1000,0
143.8,1.91E-06,59,-0.1,143.8,1.30E-04,1000,0
144,1.27E-06,57,-0.06,144,1.30E-04,1000,0
144.2,1.27E-06,53,-6.35E-17,144.2,1.30E-04,1000,0
144.4,1.27E-06,52,0.06,144.4,1.30E-04,1000,0
144.6,1.91E-06,52,0.06,144.6,1.30E-04,1000,0
144.8,1.91E-06,52,0,144.8,1.30E-04,1000,0
145,1.91E-06,52,-0.1,145,1.30E-04,1000,0
145.2,1.27E-06,50,-0.13,145.2,1.30E-04,1000,0
145.4,6.35E-07,48,-0.1,145.4,1.30E-04,1000,0
145.6,6.35E-07,47,-0.03,145.6,1.30E-04,1000,0
145.8,6.35E-07,46,0,145.8,1.30E-04,1000,0
146,6.35E-07,46,0.03,146,1.30E-04,1000,0
146.2,6.35E-07,45,0.13,146.2,1.30E-04,1000,0
146.4,1.27E-06,46,0.25,146.4,1.30E-04,1000,0
146.6,2.54E-06,52,0.44,146.6,1.30E-04,1000,0
146.8,3.81E-06,65,0.51,146.8,1.30E-04,1000,0
147,6.99E-06,97,0.44,147,1.30E-04,1000,0
147.2,6.99E-06,106,0.29,147.2,1.30E-04,999,0
147.4,8.26E-06,112,0.13,147.4,1.30E-04,999,0
147.6,8.26E-06,120,0.06,147.6,1.30E-04,1000,0
147.8,8.26E-06,120,0.03,147.8,1.30E-04,999,0
148,8.26E-06,121,0.06,148,1.30E-04,999,0
148.2,8.89E-06,122,0.1,148.2,1.30E-04,1000,0
148.4,8.89E-06,123,0.13,148.4,1.30E-04,1000,0
148.6,9.53E-06,128,0.19,148.6,1.30E-04,999,0
148.8,1.02E-05,135,0.25,148.8,1.30E-04,1000,0
149,1.14E-05,147,0.22,149,1.30E-04,1000,0
149.2,1.21E-05,157,0.13,149.2,1.30E-04,1000,0
149.4,1.21E-05,157,-0.51,149.4,1.30E-04,999,0
149.6,1.21E-05,156,-2.16,149.6,1.30E-04,1000,0
149.8,1.27E-06,108,-3.17,149.8,1.30E-04,1000,0
150,-2.03E-05,-40,-2.44,150,1.30E-04,1000,0
150.2,-1.91E-05,-44,-0.25,150.2,1.30E-04,1000,0
150.4,-1.65E-05,-47,1.75,150.4,1.30E-04,1000,0
150.6,-7.62E-06,-14,2.19,150.6,1.30E-04,1000,0
150.8,3.18E-06,71,1.71,150.8,1.30E-04,1000,0
151,5.08E-06,92,0.73,151,1.30E-04,1000,0
151.2,5.08E-06,91,0.1,151.2,1.30E-04,1000,0
151.4,5.08E-06,93,0,151.4,1.30E-04,1000,0
151.6,5.08E-06,93,0,151.6,1.30E-04,999,0
151.8,5.08E-06,92,0,151.8,1.30E-04,1000,0
152,5.08E-06,92,0,152,1.30E-04,1000,0
152.2,5.08E-06,91,0,152.2,1.30E-04,1000,0
152.4,5.08E-06,91,0,152.4,1.30E-04,999,0
152.6,5.08E-06,90,0,152.6,1.30E-04,1000,0
152.8,5.08E-06,90,0,152.8,1.30E-04,1000,0
153,5.08E-06,90,0,153,1.30E-04,999,0
153.2,5.08E-06,89,0,153.2,1.30E-04,1000,0
153.4,5.08E-06,89,0,153.4,1.30E-04,1000,0
153.6,5.08E-06,89,0,153.6,1.30E-04,1000,0
153.8,5.08E-06,89,0,153.8,1.30E-04,1000,0
154,5.08E-06,88,0,154,1.30E-04,1000,0
154.2,5.08E-06,88,-0.03,154.2,1.30E-04,999,0
154.4,5.08E-06,87,-0.13,154.4,1.30E-04,1000,0
154.6,4.45E-06,83,-0.19,154.6,1.30E-04,1000,0
154.8,3.18E-06,73,-0.16,154.8,1.30E-04,1000,0
155,3.18E-06,62,-0.06,155,1.30E-04,1000,0
155.2,3.18E-06,62,0,155.2,1.30E-04,1000,0
155.4,3.18E-06,62,0,155.4,1.30E-04,1000,0
155.6,3.18E-06,62,-0.03,155.6,1.30E-04,1000,0
155.8,3.18E-06,61,-0.1,155.8,1.30E-04,1000,0
156,2.54E-06,61,-0.13,156,1.30E-04,1000,0
156.2,1.91E-06,53,-0.1,156.2,1.30E-04,1000,0
156.4,1.91E-06,53,-0.03,156.4,1.30E-04,999,0
156.6,1.91E-06,53,0,156.6,1.30E-04,1000,0
156.8,1.91E-06,53,0,156.8,1.30E-04,1000,0
157,1.91E-06,53,0,157,1.30E-04,1000,0
157.2,1.91E-06,53,0.13,157.2,1.30E-04,999,0
157.4,1.91E-06,54,0.32,157.4,1.30E-04,999,0
157.6,4.45E-06,63,0.48,157.6,1.30E-04,1000,0
157.8,5.72E-06,81,0.48,157.8,1.30E-04,1000,0
158,7.62E-06,109,0.35,158,1.30E-04,1000,0
158.2,8.26E-06,111,0.22,158.2,1.30E-04,1000,0
158.4,8.89E-06,117,0.1,158.4,1.30E-04,999,0
158.6,8.89E-06,116,0.06,158.6,1.30E-04,1000,0
158.8,8.89E-06,115,0.13,158.8,1.30E-04,999,0
159,9.53E-06,119,0.25,159,1.30E-04,999,0
159.2,1.08E-05,130,0.29,159.2,1.30E-04,1000,0
159.4,1.21E-05,139,0.19,159.4,1.30E-04,1000,0
159.6,1.21E-05,142,0.1,159.6,1.30E-04,1000,0
159.8,1.21E-05,140,0.06,159.8,1.30E-04,1000,0
160,1.27E-05,143,0.06,160,1.30E-04,1000,0
160.2,1.27E-05,144,0.03,160.2,1.30E-04,1000,0
160.4,1.27E-05,143,0.13,160.4,1.30E-04,1000,0
160.6,1.27E-05,144,0.29,160.6,1.30E-04,999,0
160.8,1.52E-05,154,0.29,160.8,1.30E-04,1000,0
161,1.59E-05,166,0.13,161,1.30E-04,1000,0
161.2,1.52E-05,163,-0.06,161.2,1.30E-04,999,0
161.4,1.52E-05,159,-0.19,161.4,1.30E-04,1000,0
161.6,1.46E-05,152,-0.29,161.6,1.30E-04,1000,0
161.8,1.27E-05,132,-0.38,161.8,1.30E-04,1000,0
162,1.21E-05,127,-0.41,162,1.30E-04,999,0
162.2,1.02E-05,118,-0.35,162.2,1.30E-04,999,0
162.4,8.89E-06,101,-0.25,162.4,1.30E-04,1000,0
162.6,8.89E-06,95,-0.13,162.6,1.30E-04,1000,0
162.8,8.26E-06,90,-0.06,162.8,1.30E-04,1000,0
163,8.26E-06,86,-0.03,163,1.30E-04,1000,0
163.2,8.26E-06,85,-0.03,163.2,1.30E-04,1000,0
163.4,8.26E-06,84,-0.13,163.4,1.30E-04,1000,0
163.6,7.62E-06,81,-0.19,163.6,1.30E-04,1000,0
163.8,6.35E-06,71,-0.16,163.8,1.30E-04,1000,0
164,6.35E-06,69,-0.06,164,1.30E-04,1000,0
164.2,6.35E-06,68,0,164.2,1.30E-04,1000,0
164.4,6.35E-06,68,0,164.4,1.30E-04,1000,0
164.6,6.35E-06,68,-0.1,164.6,1.30E-04,1000,0
164.8,6.35E-06,67,-0.19,164.8,1.30E-04,1000,0
165,4.45E-06,55,-0.19,165,1.30E-04,1000,0
165.2,4.45E-06,52,-0.1,165.2,1.30E-04,1000,0
165.4,4.45E-06,51,0,165.4,1.30E-04,1000,0
165.6,4.45E-06,50,0,165.6,1.30E-04,1000,0
165.8,4.45E-06,50,0,165.8,1.30E-04,999,0
166,4.45E-06,49,0.03,166,1.30E-04,1000,0
166.2,4.45E-06,49,0.16,166.2,1.30E-04,1000,0
166.4,5.08E-06,50,0.29,166.4,1.30E-04,1000,0
166.6,6.99E-06,61,0.32,166.6,1.30E-04,1000,0
166.8,7.62E-06,69,0.25,166.8,1.30E-04,1000,0
167,8.26E-06,84,0.22,167,1.30E-04,1000,0
167.2,8.89E-06,92,0.25,167.2,1.30E-04,1000,0
167.4,1.02E-05,101,0.22,167.4,1.30E-04,1000,0
167.6,1.08E-05,108,0.13,167.6,1.30E-04,1000,0
167.8,1.08E-05,111,0.06,167.8,1.30E-04,1000,0
168,1.08E-05,113,0.06,168,1.30E-04,1000,0
168.2,1.14E-05,115,0.06,168.2,1.30E-04,1000,0
168.4,1.14E-05,116,0.03,168.4,1.30E-04,1000,0
168.6,1.14E-05,117,0,168.6,1.30E-04,1000,0
168.8,1.14E-05,117,0,168.8,1.30E-04,1000,0
169,1.14E-05,117,0.03,169,1.30E-04,1000,0
169.2,1.14E-05,118,0.06,169.2,1.30E-04,1000,0
169.4,1.21E-05,123,0.06,169.4,1.30E-04,1000,0
169.6,1.21E-05,126,0.06,169.6,1.30E-04,1000,0
169.8,1.21E-05,127,0.1,169.8,1.30E-04,1000,0
170,1.27E-05,133,0.13,170,1.30E-04,1000,0
170.2,1.33E-05,136,0.1,170.2,1.30E-04,1000,0
170.4,1.33E-05,137,0.06,170.4,1.30E-04,1000,0
170.6,1.33E-05,140,0.06,170.6,1.30E-04,999,0
170.8,1.40E-05,141,0.06,170.8,1.30E-04,999,0
171,1.40E-05,142,0.03,171,1.30E-04,1000,0
171.2,1.40E-05,141,0,171.2,1.30E-04,1000,0
171.4,1.40E-05,141,0.03,171.4,1.30E-04,1000,0
171.6,1.40E-05,141,0.06,171.6,1.30E-04,1000,0
171.8,1.46E-05,148,0.1,171.8,1.30E-04,1000,0
172,1.46E-05,151,0.1,172,1.30E-04,1001,0
172.2,1.52E-05,154,0.06,172.2,1.30E-04,1001,0
172.4,1.52E-05,157,0.03,172.4,1.30E-04,1001,0
172.6,1.52E-05,155,0,172.6,1.30E-04,1001,0
172.8,1.52E-05,154,-0.03,172.8,1.30E-04,1001,0
173,1.52E-05,153,-0.1,173,1.30E-04,1000,0
173.2,1.46E-05,148,-0.16,173.2,1.30E-04,1000,0
173.4,1.40E-05,142,-0.16,173.4,1.30E-04,1000,0
173.6,1.33E-05,134,-0.13,173.6,1.30E-04,1000,0
173.8,1.33E-05,131,-0.1,173.8,1.30E-04,1000,0
174,1.27E-05,128,-0.1,174,1.30E-04,1000,0
174.2,1.27E-05,126,-0.1,174.2,1.30E-04,1000,0
174.4,1.21E-05,123,-0.1,174.4,1.30E-04,1000,0
174.6,1.21E-05,120,-0.16,174.6,1.30E-04,1000,0
174.8,1.14E-05,115,-0.19,174.8,1.30E-04,1000,0
175,1.02E-05,110,-0.19,175,1.30E-04,1000,0
175.2,1.02E-05,103,-0.16,175.2,1.30E-04,1000,0
175.4,9.53E-06,100,-0.13,175.4,1.30E-04,1000,0
175.6,8.89E-06,91,-0.13,175.6,1.30E-04,1000,0
175.8,8.89E-06,89,-0.16,175.8,1.30E-04,1000,0
176,8.26E-06,85,-0.19,176,1.30E-04,1000,0
176.2,6.99E-06,77,-0.19,176.2,1.30E-04,1000,0
176.4,6.99E-06,72,-0.13,176.4,1.30E-04,1000,0
176.6,6.35E-06,68,-0.06,176.6,1.30E-04,1000,0
176.8,6.35E-06,66,-0.03,176.8,1.30E-04,1000,0
177,6.35E-06,64,0,177,1.30E-04,1000,0
177.2,6.35E-06,63,0,177.2,1.30E-04,1000,0
177.4,6.35E-06,62,-0.03,177.4,1.30E-04,1000,0
177.6,6.35E-06,62,-0.06,177.6,1.30E-04,1000,0
177.8,5.72E-06,61,-0.1,177.8,1.30E-04,1000,0
178,5.72E-06,58,-0.1,178,1.30E-04,1000,0
178.2,5.08E-06,55,-0.06,178.2,1.30E-04,1000,0
178.4,5.08E-06,52,-0.03,178.4,1.30E-04,1000,0
178.6,5.08E-06,52,0,178.6,1.30E-04,1000,0
178.8,5.08E-06,51,0,178.8,1.30E-04,1000,0
179,5.08E-06,51,0,179,1.30E-04,1000,0
179.2,5.08E-06,50,0,179.2,1.30E-04,1000,0
179.4,5.08E-06,50,0,179.4,1.30E-04,1000,0
179.6,5.08E-06,50,0.13,179.6,1.30E-04,1000,0
179.8,5.08E-06,52,0.35,179.8,1.30E-04,999,0
180,7.62E-06,67,0.48,180,1.30E-04,1000,0
180.2,9.53E-06,96,0.38,180.2,1.30E-04,1000,0
180.4,1.02E-05,98,0.16,180.4,1.30E-04,999,0
180.6,1.02E-05,98,0.06,180.6,1.30E-04,1000,0
180.8,1.02E-05,98,0.06,180.8,1.30E-04,1000,0
181,1.08E-05,107,0.1,181,1.30E-04,1000,0
181.2,1.08E-05,111,0.1,181.2,1.30E-04,1000,0
181.4,1.14E-05,113,0.1,181.4,1.30E-04,1000,0
181.6,1.14E-05,117,0.1,181.6,1.30E-04,1000,0
181.8,1.21E-05,121,0.13,181.8,1.30E-04,1000,0
182,1.21E-05,124,0.16,182,1.30E-04,1000,0
182.2,1.33E-05,131,0.16,182.2,1.30E-04,1000,0
182.4,1.33E-05,137,0.13,182.4,1.30E-04,1000,0
182.6,1.40E-05,140,0.06,182.6,1.30E-04,1000,0
182.8,1.40E-05,140,0.03,182.8,1.30E-04,1000,0
183,1.40E-05,140,0,183,1.30E-04,999,0
183.2,1.40E-05,138,0,183.2,1.30E-04,1000,0
183.4,1.40E-05,138,0,183.4,1.30E-04,1000,0
183.6,1.40E-05,139,0.03,183.6,1.30E-04,999,0
183.8,1.40E-05,140,0.06,183.8,1.30E-04,1000,0
184,1.46E-05,143,0.06,184,1.30E-04,1000,0
184.2,1.46E-05,149,0.06,184.2,1.30E-04,1000,0
184.4,1.46E-05,150,0.06,184.4,1.30E-04,1000,0
184.6,1.52E-05,151,0.06,184.6,1.30E-04,1000,0
184.8,1.52E-05,153,-0.29,184.8,1.30E-04,1000,0
185,1.52E-05,152,-0.7,185,1.30E-04,999,0
185.2,8.89E-06,107,-0.79,185.2,1.30E-04,1000,0
185.4,7.62E-06,84,-0.51,185.4,1.30E-04,1000,0
185.6,6.99E-06,78,-0.13,185.6,1.30E-04,1000,0
185.8,6.99E-06,74,-0.03,185.8,1.30E-04,1000,0
186,6.99E-06,72,0,186,1.30E-04,1000,0
186.2,6.99E-06,71,0,186.2,1.30E-04,1000,0
186.4,6.99E-06,70,0,186.4,1.30E-04,1000,0
186.6,6.99E-06,70,0,186.6,1.30E-04,1000,0
186.8,6.99E-06,69,0,186.8,1.30E-04,1000,0
187,6.99E-06,69,0,187,1.30E-04,1000,0
187.2,6.99E-06,69,0,187.2,1.30E-04,1000,0
187.4,6.99E-06,69,0,187.4,1.30E-04,1000,0
187.6,6.99E-06,69,0,187.6,1.30E-04,1000,0
187.8,6.99E-06,69,-0.03,187.8,1.30E-04,1000,0
188,6.99E-06,69,-0.1,188,1.30E-04,1000,0
188.2,6.35E-06,67,-0.13,188.2,1.30E-04,1000,0
188.4,5.72E-06,60,-0.1,188.4,1.30E-04,999,0
188.6,5.72E-06,58,-0.03,188.6,1.30E-04,1000,0
188.8,5.72E-06,57,0,188.8,1.30E-04,1000,0
189,5.72E-06,56,0,189,1.30E-04,999,0
189.2,5.72E-06,54,-0.03,189.2,1.30E-04,1000,0
189.4,5.72E-06,54,-0.1,189.4,1.30E-04,1000,0
189.6,5.08E-06,52,-0.16,189.6,1.30E-04,999,0
189.8,4.45E-06,48,-0.16,189.8,1.30E-04,1000,0
190,3.81E-06,42,-0.1,190,1.30E-04,1000,0
190.2,3.81E-06,40,0.16,190.2,1.30E-04,1000,0
190.4,3.81E-06,39,0.51,190.4,1.30E-04,1000,0
190.6,7.62E-06,59,0.7,190.6,1.30E-04,1000,0
190.8,1.02E-05,99,0.6,190.8,1.30E-04,1000,0
191,1.14E-05,111,0.35,191,1.30E-04,1000,0
191.2,1.21E-05,118,0.19,191.2,1.30E-04,1000,0
191.4,1.27E-05,125,0.1,191.4,1.30E-04,1000,0
191.6,1.27E-05,124,0.06,191.6,1.30E-04,1000,0
191.8,1.27E-05,126,0.1,191.8,1.30E-04,1000,0
192,1.33E-05,131,0.16,192,1.30E-04,1000,0
192.2,1.40E-05,137,0.16,192.2,1.30E-04,1000,0
192.4,1.46E-05,145,0.1,192.4,1.30E-04,1000,0
192.6,1.46E-05,147,0.03,192.6,1.30E-04,1000,0
192.8,1.46E-05,147,0.03,192.8,1.30E-04,1000,0
193,1.46E-05,149,0.06,193,1.30E-04,1000,0
193.2,1.52E-05,151,0.06,193.2,1.30E-04,1000,0
193.4,1.52E-05,153,0.03,193.4,1.30E-04,1000,0
193.6,1.52E-05,153,-0.06,193.6,1.30E-04,1000,0
193.8,1.52E-05,151,-0.38,193.8,1.30E-04,1000,0
194,1.40E-05,144,-0.64,194,1.30E-04,1000,0
194.2,8.89E-06,99,-0.57,194.2,1.30E-04,1000,0
194.4,8.89E-06,92,-0.25,194.4,1.30E-04,1000,0
194.6,8.89E-06,90,0,194.6,1.30E-04,1000,0
194.8,8.89E-06,89,0,194.8,1.30E-04,1000,0
195,8.89E-06,88,0,195,1.30E-04,1000,0
195.2,8.89E-06,87,-0.03,195.2,1.30E-04,1000,0
195.4,8.89E-06,86,-0.06,195.4,1.30E-04,1000,0
195.6,8.26E-06,84,-0.1,195.6,1.30E-04,1000,0
195.8,8.26E-06,82,-0.13,195.8,1.30E-04,1000,0
196,7.62E-06,78,-0.13,196,1.30E-04,1000,0
196.2,6.99E-06,73,-0.1,196.2,1.30E-04,1000,0
196.4,6.99E-06,70,-0.03,196.4,1.30E-04,1000,0
196.6,6.99E-06,69,-0.03,196.6,1.30E-04,1000,0
196.8,6.99E-06,67,-0.06,196.8,1.30E-04,1000,0
197,6.35E-06,65,-0.1,197,1.30E-04,1000,0
197.2,6.35E-06,61,-0.1,197.2,1.30E-04,1000,0
197.4,5.72E-06,59,-0.06,197.4,1.30E-04,1000,0
197.6,5.72E-06,57,-0.03,197.6,1.30E-04,1000,0
197.8,5.72E-06,55,0,197.8,1.30E-04,1000,0
198,5.72E-06,54,0,198,1.30E-04,1000,0
198.2,5.72E-06,54,0,198.2,1.30E-04,1000,0
198.4,5.72E-06,54,-0.03,198.4,1.30E-04,1000,0
198.6,5.72E-06,54,-0.06,198.6,1.30E-04,1000,0
198.8,5.08E-06,53,-0.06,198.8,1.30E-04,1000,0
199,5.08E-06,50,-0.03,199,1.30E-04,1000,0
199.2,5.08E-06,49,0.03,199.2,1.30E-04,1000,0
199.4,5.08E-06,48,0.29,199.4,1.30E-04,1000,0
199.6,5.72E-06,49,0.57,199.6,1.30E-04,1000,0
199.8,1.02E-05,94,0.6,199.8,1.30E-04,1000,0
200,1.14E-05,108,0.35,200,1.30E-04,1000,0
200.2,1.14E-05,112,0.06,200.2,1.30E-04,1000,0
200.4,1.14E-05,112,0,200.4,1.30E-04,1000,0
200.6,1.14E-05,112,0,200.6,1.30E-04,999,0
200.8,1.14E-05,111,0,200.8,1.30E-04,1000,0
201,1.14E-05,111,0,201,1.30E-04,1000,0
201.2,1.14E-05,111,0,201.2,1.30E-04,999,0
201.4,1.14E-05,111,0,201.4,1.30E-04,1000,0
201.6,1.14E-05,111,0,201.6,1.30E-04,999,0
201.8,1.14E-05,111,0.03,201.8,1.30E-04,999,0
202,1.14E-05,111,0.06,202,1.30E-04,999,0
202.2,1.21E-05,115,0.1,202.2,1.30E-04,999,0
202.4,1.21E-05,119,0.1,202.4,1.30E-04,1000,0
202.6,1.27E-05,123,0.06,202.6,1.30E-04,1000,0
202.8,1.27E-05,125,0.06,202.8,1.30E-04,999,0
203,1.27E-05,128,0.06,203,1.30E-04,999,0
203.2,1.33E-05,130,0.06,203.2,1.30E-04,999,0
203.4,1.33E-05,131,0.03,203.4,1.30E-04,999,0
203.6,1.33E-05,131,0,203.6,1.30E-04,999,0
203.8,1.33E-05,131,0,203.8,1.30E-04,999,0
204,1.33E-05,131,0.03,204,1.30E-04,999,0
204.2,1.33E-05,131,0.06,204.2,1.30E-04,999,0
204.4,1.40E-05,135,0.06,204.4,1.30E-04,999,0
204.6,1.40E-05,136,0.03,204.6,1.30E-04,999,0
204.8,1.40E-05,136,0,204.8,1.30E-04,999,0
205,1.40E-05,136,0,205,1.30E-04,999,0
205.2,1.40E-05,136,0,205.2,1.30E-04,1000,0
205.4,1.40E-05,138,0,205.4,1.30E-04,999,0
205.6,1.40E-05,140,0,205.6,1.30E-04,999,0
205.8,1.40E-05,140,0,205.8,1.30E-04,1000,0
206,1.40E-05,140,0,206,1.30E-04,999,0
206.2,1.40E-05,140,0,206.2,1.30E-04,999,0
206.4,1.40E-05,140,0.03,206.4,1.30E-04,999,0
206.6,1.40E-05,141,0.06,206.6,1.30E-04,999,0
206.8,1.46E-05,142,0.06,206.8,1.30E-04,999,0
207,1.46E-05,143,0.03,207,1.30E-04,999,0
207.2,1.46E-05,142,0,207.2,1.30E-04,999,0
207.4,1.46E-05,142,0,207.4,1.30E-04,999,0
207.6,1.46E-05,142,0,207.6,1.30E-04,999,0
207.8,1.46E-05,143,0,207.8,1.30E-04,999,0
208,1.46E-05,145,0,208,1.30E-04,999,0
208.2,1.46E-05,146,0,208.2,1.30E-04,999,0
208.4,1.46E-05,147,0,208.4,1.30E-04,999,0
208.6,1.46E-05,148,0,208.6,1.30E-04,1000,0
208.8,1.46E-05,147,0,208.8,1.30E-04,999,0
209,1.46E-05,147,0,209,1.30E-04,999,0
209.2,1.46E-05,147,0,209.2,1.30E-04,999,0
209.4,1.46E-05,147,0.03,209.4,1.30E-04,999,0
209.6,1.46E-05,148,0.06,209.6,1.30E-04,999,0
209.8,1.52E-05,149,0.06,209.8,1.30E-04,999,0
210,1.52E-05,149,0.03,210,1.30E-04,1000,0
210.2,1.52E-05,149,0,210.2,1.30E-04,999,0
210.4,1.52E-05,149,0,210.4,1.30E-04,999,0
210.6,1.52E-05,149,0,210.6,1.30E-04,999,0
210.8,1.52E-05,149,0,210.8,1.30E-04,1000,0
211,1.52E-05,149,0,211,1.30E-04,999,0
211.2,1.52E-05,149,0,211.2,1.30E-04,999,0
211.4,1.52E-05,149,0,211.4,1.30E-04,999,0
211.6,1.52E-05,149,0,211.6,1.30E-04,999,0
211.8,1.52E-05,149,0,211.8,1.30E-04,999,0
212,1.52E-05,149,0,212,1.30E-04,999,0
212.2,1.52E-05,150,0,212.2,1.30E-04,999,0
212.4,1.52E-05,150,0,212.4,1.30E-04,999,0
212.6,1.52E-05,150,0,212.6,1.30E-04,999,0
212.8,1.52E-05,149,0,212.8,1.30E-04,1000,0
213,1.52E-05,148,0,213,1.30E-04,999,0
213.2,1.52E-05,148,0,213.2,1.30E-04,999,0
213.4,1.52E-05,148,0,213.4,1.30E-04,999,0
213.6,1.52E-05,148,0,213.6,1.30E-04,1000,0
213.8,1.52E-05,148,0,213.8,1.30E-04,1000,0
214,1.52E-05,148,0,214,1.30E-04,1000,0
214.2,1.52E-05,148,0,214.2,1.30E-04,1000,0
214.4,1.52E-05,148,0,214.4,1.30E-04,1000,0
214.6,1.52E-05,148,0,214.6,1.30E-04,999,0
214.8,1.52E-05,148,0,214.8,1.30E-04,1000,0
215,1.52E-05,148,0,215,1.30E-04,1000,0
215.2,1.52E-05,148,0,215.2,1.30E-04,1000,0
215.4,1.52E-05,149,0,215.4,1.30E-04,1000,0
215.6,1.52E-05,148,0,215.6,1.30E-04,1000,0
215.8,1.52E-05,149,0,215.8,1.30E-04,1000,0
216,1.52E-05,149,0,216,1.30E-04,999,0
216.2,1.52E-05,149,0,216.2,1.30E-04,1000,0
216.4,1.52E-05,149,0,216.4,1.30E-04,1000,0
216.6,1.52E-05,149,0,216.6,1.30E-04,1000,0
216.8,1.52E-05,149,0,216.8,1.30E-04,1000,0
217,1.52E-05,150,0.03,217,1.30E-04,999,0
217.2,1.52E-05,154,0.03,217.2,1.30E-04,1000,0
217.4,1.59E-05,155,0,217.4,1.30E-04,999,0
217.6,1.52E-05,153,-0.03,217.6,1.30E-04,999,0
217.8,1.52E-05,152,-0.03,217.8,1.30E-04,999,0
218,1.52E-05,152,0,218,1.30E-04,999,0
218.2,1.52E-05,152,0,218.2,1.30E-04,999,0
218.4,1.52E-05,152,0,218.4,1.30E-04,1000,0
218.6,1.52E-05,152,0,218.6,1.30E-04,1000,0
218.8,1.52E-05,152,0,218.8,1.30E-04,1000,0
219,1.52E-05,150,0,219,1.30E-04,1000,0
219.2,1.52E-05,150,0,219.2,1.30E-04,1000,0
219.4,1.52E-05,150,0,219.4,1.30E-04,1000,0
219.6,1.52E-05,150,0,219.6,1.30E-04,999,0
219.8,1.52E-05,150,0,219.8,1.30E-04,1000,0
220,1.52E-05,150,0,220,1.30E-04,999,0
220.2,1.52E-05,150,0,220.2,1.30E-04,1000,0
220.4,1.52E-05,150,0,220.4,1.30E-04,1000,0
220.6,1.52E-05,150,0,220.6,1.30E-04,1000,0
220.8,1.52E-05,150,0,220.8,1.30E-04,999,0
221,1.52E-05,150,0,221,1.30E-04,999,0
221.2,1.52E-05,150,0,221.2,1.30E-04,999,0
221.4,1.52E-05,150,0,221.4,1.30E-04,999,0
221.6,1.52E-05,150,0,221.6,1.30E-04,999,0
221.8,1.52E-05,150,0,221.8,1.30E-04,999,0
222,1.52E-05,150,0,222,1.30E-04,999,0
222.2,1.52E-05,150,0,222.2,1.30E-04,999,0
222.4,1.52E-05,150,0,222.4,1.30E-04,1000,0
222.6,1.52E-05,150,0,222.6,1.30E-04,999,0
222.8,1.52E-05,149,0,222.8,1.30E-04,999,0
223,1.52E-05,150,0,223,1.30E-04,999,0
223.2,1.52E-05,150,0,223.2,1.30E-04,999,0
223.4,1.52E-05,150,0,223.4,1.30E-04,999,0
223.6,1.52E-05,150,0,223.6,1.30E-04,999,0
223.8,1.52E-05,150,0,223.8,1.30E-04,999,0
224,1.52E-05,150,0,224,1.30E-04,999,0
224.2,1.52E-05,150,0,224.2,1.30E-04,999,0
224.4,1.52E-05,150,0,224.4,1.30E-04,999,0
224.6,1.52E-05,149,0,224.6,1.30E-04,999,0
224.8,1.52E-05,149,0,224.8,1.30E-04,999,0
225,1.52E-05,149,0,225,1.30E-04,999,0
225.2,1.52E-05,150,0,225.2,1.30E-04,999,0
225.4,1.52E-05,149,0,225.4,1.30E-04,999,0
225.6,1.52E-05,149,0,225.6,1.30E-04,999,0
225.8,1.52E-05,149,0,225.8,1.30E-04,999,0
226,1.52E-05,149,0,226,1.30E-04,999,0
226.2,1.52E-05,149,0,226.2,1.30E-04,998,0
226.4,1.52E-05,149,0,226.4,1.30E-04,999,0
226.6,1.52E-05,149,0,226.6,1.30E-04,999,0
226.8,1.52E-05,149,0,226.8,1.30E-04,999,0
227,1.52E-05,149,0,227,1.30E-04,999,0
227.2,1.52E-05,149,0,227.2,1.30E-04,999,0
227.4,1.52E-05,149,0,227.4,1.30E-04,999,0
227.6,1.52E-05,149,0,227.6,1.30E-04,999,0
227.8,1.52E-05,149,0,227.8,1.30E-04,999,0
228,1.52E-05,149,0,228,1.30E-04,999,0
228.2,1.52E-05,149,0,228.2,1.30E-04,999,0
228.4,1.52E-05,149,,228.4,1.30E-04,999,0
,,,,228.6,1.30E-04,999,0
,,,,228.8,1.30E-04,999,0
,,,,229,1.30E-04,999,0
,,,,229.2,1.30E-04,999,0
,,,,229.4,1.30E-04,1000,0
,,,,229.6,1.30E-04,999,0
,,,,229.8,1.30E-04,999,0
,,,,230,1.30E-04,999,0
,,,,230.2,1.30E-04,999,0
,,,,230.4,1.30E-04,999,0
,,,,230.6,1.30E-04,999,0
,,,,230.8,1.30E-04,999,0
,,,,231,1.30E-04,999,0
,,,,231.2,1.30E-04,999,0
,,,,231.4,1.30E-04,999,0
,,,,231.6,1.30E-04,1000,0
,,,,231.8,1.30E-04,1000,0
,,,,232,1.30E-04,999,0
,,,,232.2,1.30E-04,1000,0
,,,,232.4,1.30E-04,999,0
,,,,232.6,1.30E-04,999,0
,,,,232.8,1.30E-04,999,0
,,,,233,1.30E-04,999,0
,,,,233.2,1.30E-04,999,0
,,,,233.4,1.30E-04,999,0
,,,,233.6,1.30E-04,1000,0
,,,,233.8,1.30E-04,1000,0
,,,,234,1.30E-04,999,0
,,,,234.2,1.30E-04,999,0
,,,,234.4,1.30E-04,1000,0
,,,,234.6,1.30E-04,1000,0
,,,,234.8,1.30E-04,1000,0
,,,,235,1.30E-04,1000,0
,,,,235.2,1.30E-04,1000,0
,,,,235.4,1.30E-04,1000,0
,,,,235.6,1.30E-04,1000,0
,,,,235.8,1.30E-04,1000,0
,,,,236,1.30E-04,1000,0
,,,,236.2,1.30E-04,1000,0
,,,,236.4,1.30E-04,1000,0
,,,,236.6,1.30E-04,1000,0
,,,,236.8,1.30E-04,1000,0
,,,,237,1.30E-04,1000,0
,,,,237.2,1.30E-04,999,0
,,,,237.4,1.30E-04,1000,0
,,,,237.6,1.30E-04,1000,0
,,,,237.8,1.30E-04,999,0
,,,,238,1.30E-04,1000,0
,,,,238.2,1.30E-04,999,0
,,,,238.4,1.30E-04,999,0
,,,,238.6,1.30E-04,999,0
,,,,238.8,1.30E-04,1000,0
,,,,239,1.30E-04,999,0
,,,,239.2,1.30E-04,1000,0
,,,,239.4,1.30E-04,1000,0
,,,,239.6,1.30E-04,1000,0
,,,,239.8,1.30E-04,1000,0
,,,,240,1.30E-04,1000,0
,,,,240.2,1.30E-04,1000,0
,,,,240.4,1.30E-04,1000,0
,,,,240.6,1.30E-04,999,0
,,,,240.8,1.30E-04,999,0
,,,,241,1.30E-04,999,0
,,,,241.2,1.30E-04,999,0
,,,,241.4,1.30E-04,999,0
,,,,241.6,1.30E-04,999,0
,,,,241.8,1.30E-04,999,0
,,,,242,1.30E-04,1000,0
,,,,242.2,1.30E-04,999,0
,,,,242.4,1.30E-04,1000,0
,,,,242.6,1.30E-04,999,0
,,,,242.8,1.30E-04,999,0
,,,,243,1.30E-04,999,0
,,,,243.2,1.30E-04,999,0
,,,,243.4,1.30E-04,999,0
,,,,243.6,1.30E-04,999,0
,,,,243.8,1.30E-04,999,0
,,,,244,1.30E-04,999,0
,,,,244.2,1.30E-04,999,0
,,,,244.4,1.30E-04,999,0
,,,,244.6,1.30E-04,999,0
,,,,244.8,1.30E-04,999,0
,,,,245,1.30E-04,999,0
,,,,245.2,1.30E-04,999,0
,,,,245.4,1.30E-04,999,0
,,,,245.6,1.30E-04,999,0
,,,,245.8,1.30E-04,999,0
,,,,246,1.30E-04,999,0
,,,,246.2,1.30E-04,999,0
,,,,246.4,1.30E-04,999,0
,,,,246.6,1.30E-04,999,0
,,,,246.8,1.30E-04,999,0
,,,,247,1.30E-04,999,0
,,,,247.2,1.30E-04,999,0
,,,,247.4,1.30E-04,999,0
,,,,247.6,1.30E-04,999,0
,,,,247.8,1.30E-04,999,0
,,,,248,1.30E-04,999,0
,,,,248.2,1.30E-04,999,0
,,,,248.4,1.30E-04,999,0
,,,,248.6,1.30E-04,999,0
,,,,248.8,1.30E-04,999,0
,,,,249,1.30E-04,999,0
,,,,249.2,1.30E-04,999,0
,,,,249.4,1.30E-04,999,0
,,,,249.6,1.30E-04,999,0
,,,,249.8,1.30E-04,999,0
,,,,250,1.30E-04,999,0
,,,,250.2,1.30E-04,999,0
,,,,250.4,1.30E-04,999,0
,,,,250.6,1.30E-04,999,0
,,,,250.8,1.30E-04,999,0
,,,,251,1.30E-04,999,0
,,,,251.2,1.30E-04,999,0
,,,,251.4,1.30E-04,999,0
,,,,251.6,1.30E-04,999,0
,,,,251.8,1.30E-04,999,0
,,,,252,1.30E-04,999,0
,,,,252.2,1.30E-04,999,0
,,,,252.4,1.30E-04,999,0
,,,,252.6,1.30E-04,999,0
,,,,252.8,1.30E-04,999,0
,,,,253,1.30E-04,999,0
,,,,253.2,1.30E-04,999,0
,,,,253.4,1.30E-04,999,0
,,,,253.6,1.30E-04,999,0
,,,,253.8,1.30E-04,999,0
,,,,254,1.30E-04,999,0
,,,,254.2,1.30E-04,999,0
,,,,254.4,1.30E-04,999,0
,,,,254.6,1.30E-04,999,0
,,,,254.8,1.30E-04,999,0
,,,,255,1.30E-04,999,0
,,,,255.2,1.30E-04,999,0
,,,,255.4,1.30E-04,999,0
,,,,255.6,1.30E-04,999,0
,,,,255.8,1.30E-04,999,0
,,,,256,1.30E-04,999,0
,,,,256.2,1.30E-04,999,0
,,,,256.4,1.30E-04,999,0
,,,,256.6,1.30E-04,999,0
,,,,256.8,1.30E-04,999,0
,,,,257,1.30E-04,999,0
,,,,257.2,1.30E-04,999,0
,,,,257.4,1.30E-04,999,0
,,,,257.6,1.30E-04,999,0
,,,,257.8,1.30E-04,999,0
,,,,258,1.30E-04,999,0
,,,,258.2,1.30E-04,999,0
,,,,258.4,1.30E-04,999,0
,,,,258.6,1.30E-04,999,0
,,,,258.8,1.30E-04,999,0
,,,,259,1.30E-04,999,0
,,,,259.2,1.30E-04,999,0
,,,,259.4,1.30E-04,999,0
,,,,259.6,1.30E-04,1000,0
,,,,259.8,1.30E-04,999,0
,,,,260,1.30E-04,999,0
,,,,260.2,1.30E-04,999,0
,,,,260.4,1.30E-04,999,0
,,,,260.6,1.30E-04,999,0
,,,,260.8,1.30E-04,999,0
,,,,261,1.30E-04,999,0
,,,,261.2,1.30E-04,999,0
,,,,261.4,1.30E-04,999,0
,,,,261.6,1.30E-04,999,0
,,,,261.8,1.30E-04,999,0
,,,,262,1.30E-04,999,0
,,,,262.2,1.30E-04,999,0
,,,,262.4,1.30E-04,999,0
,,,,262.6,1.30E-04,999,0
,,,,262.8,1.30E-04,999,0
,,,,263,1.30E-04,999,0
,,,,263.2,1.30E-04,999,0
,,,,263.4,1.30E-04,999,0
,,,,263.6,1.30E-04,999,0
,,,,263.8,1.30E-04,999,0
,,,,264,1.30E-04,999,0
,,,,264.2,1.30E-04,999,0
,,,,264.4,1.30E-04,999,0
,,,,264.6,1.30E-04,999,0
,,,,264.8,1.30E-04,999,0
,,,,265,1.30E-04,999,0
,,,,265.2,1.30E-04,999,0
,,,,265.4,1.30E-04,999,0
,,,,265.6,1.30E-04,999,0
,,,,265.8,1.30E-04,999,0
,,,,266,1.30E-04,999,0
,,,,266.2,1.30E-04,999,0
,,,,266.4,1.30E-04,999,0
,,,,266.6,1.30E-04,999,0
,,,,266.8,1.30E-04,999,0
,,,,267,1.30E-04,999,0
,,,,267.2,1.30E-04,999,0
,,,,267.4,1.30E-04,999,0
,,,,267.6,1.30E-04,999,0
,,,,267.8,1.30E-04,999,0
,,,,268,1.30E-04,999,0
,,,,268.2,1.30E-04,999,0
,,,,268.4,1.30E-04,999,0
,,,,268.6,1.30E-04,999,0
,,,,268.8,1.30E-04,999,0
,,,,269,1.30E-04,999,0
,,,,269.2,1.30E-04,999,0
,,,,269.4,1.30E-04,999,0
,,,,269.6,1.30E-04,999,0
,,,,269.8,1.30E-04,999,0
,,,,270,1.30E-04,999,0
,,,,270.2,1.30E-04,999,0
,,,,270.4,1.30E-04,999,0
,,,,270.6,1.30E-04,999,0
,,,,270.8,1.30E-04,999,0
,,,,271,1.30E-04,999,0
,,,,271.2,1.30E-04,999,0
,,,,271.4,1.30E-04,999,0
,,,,271.6,1.30E-04,999,0
,,,,271.8,1.30E-04,999,0
,,,,272,1.30E-04,999,0
,,,,272.2,1.30E-04,999,0
,,,,272.4,1.30E-04,999,0
,,,,272.6,1.30E-04,999,0
,,,,272.8,1.30E-04,999,0
,,,,273,1.30E-04,999,0
,,,,273.2,1.30E-04,999,0
,,,,273.4,1.30E-04,999,0
,,,,273.6,1.30E-04,999,0
,,,,273.8,1.30E-04,999,0
,,,,274,1.30E-04,999,0
,,,,274.2,1.30E-04,999,0
,,,,274.4,1.30E-04,999,0
,,,,274.6,1.30E-04,999,0
,,,,274.8,1.30E-04,999,0
,,,,275,1.30E-04,999,0
,,,,275.2,1.30E-04,999,0
,,,,275.4,1.30E-04,999,0
,,,,275.6,1.30E-04,999,0
,,,,275.8,1.30E-04,999,0
,,,,276,1.30E-04,999,0
,,,,276.2,1.30E-04,999,0
,,,,276.4,1.30E-04,999,0
,,,,276.6,1.30E-04,999,0
,,,,276.8,1.30E-04,999,0
,,,,277,1.30E-04,999,0
,,,,277.2,1.30E-04,999,0
,,,,277.4,1.30E-04,999,0
,,,,277.6,1.30E-04,999,0
,,,,277.8,1.30E-04,999,0
,,,,278,1.30E-04,999,0
,,,,278.2,1.30E-04,999,0
,,,,278.4,1.30E-04,999,0
,,,,278.6,1.30E-04,999,0
,,,,278.8,1.30E-04,999,0
,,,,279,1.30E-04,999,0
,,,,279.2,1.30E-04,999,0
,,,,279.4,1.30E-04,999,0
,,,,279.6,1.30E-04,999,0
,,,,279.8,1.30E-04,999,0
,,,,280,1.30E-04,999,0
,,,,280.2,1.30E-04,999,0
,,,,280.4,1.30E-04,999,0
,,,,280.6,1.30E-04,999,0
,,,,280.8,1.30E-04,999,0
,,,,281,1.30E-04,999,0
,,,,281.2,1.30E-04,999,0
,,,,281.4,1.30E-04,999,0
,,,,281.6,1.30E-04,999,0
,,,,281.8,1.30E-04,999,0
,,,,282,1.30E-04,999,0
,,,,282.2,1.30E-04,999,0
,,,,282.4,1.30E-04,999,0
,,,,282.6,1.30E-04,999,0
,,,,282.8,1.30E-04,999,0
,,,,283,1.30E-04,999,0
,,,,283.2,1.30E-04,999,0
,,,,283.4,1.30E-04,999,0
,,,,283.6,1.30E-04,999,0
,,,,283.8,1.30E-04,999,0
,,,,284,1.30E-04,999,0
,,,,284.2,1.30E-04,999,0
,,,,284.4,1.30E-04,999,0
,,,,284.6,1.30E-04,999,0
,,,,284.8,1.30E-04,999,0
,,,,285,1.30E-04,999,0
,,,,285.2,1.30E-04,999,0
,,,,285.4,1.30E-04,999,0
,,,,285.6,1.30E-04,999,0
,,,,285.8,1.30E-04,999,0
,,,,286,1.30E-04,999,0
,,,,286.2,1.30E-04,999,0.03
,,,,286.4,1.30E-04,998,0.06
,,,,286.6,1.30E-04,998,0.1
,,,,286.8,1.30E-04,999,0.19
,,,,287,1.31E-04,1008,0.35
,,,,287.2,1.33E-04,1038,0.54
,,,,287.4,1.35E-04,1059,0.76
,,,,287.6,1.37E-04,1095,0.92
,,,,287.8,1.42E-04,1153,0.86
,,,,288,1.44E-04,1193,0.54
,,,,288.2,1.45E-04,1208,0.19
,,,,288.4,1.45E-04,1208,0.03
,,,,288.6,1.45E-04,1208,0.06
,,,,288.8,1.45E-04,1208,0.38
,,,,289,1.46E-04,1219,0.86
,,,,289.2,1.51E-04,1281,1.24
,,,,289.4,1.56E-04,1341,1.4
,,,,289.6,1.60E-04,1405,1.43
,,,,289.8,1.65E-04,1480,1.49
,,,,290,1.70E-04,1552,1.56
,,,,290.2,1.75E-04,1622,1.65
,,,,290.4,1.81E-04,1691,1.78
,,,,290.6,1.87E-04,1773,1.81
,,,,290.8,1.94E-04,1861,1.56
,,,,291,1.99E-04,1934,1.02
,,,,291.2,2.01E-04,1967,0.44
,,,,291.4,2.01E-04,1966,0.1
,,,,291.6,2.01E-04,1965,0
,,,,291.8,2.01E-04,1963,0
,,,,292,2.01E-04,1962,0.13
,,,,292.2,2.01E-04,1962,0.67
,,,,292.4,2.03E-04,1981,1.62
,,,,292.6,2.11E-04,2077,2.35
,,,,292.8,2.22E-04,2201,2.51
,,,,293,2.29E-04,2291,2.29
,,,,293.2,2.36E-04,2383,2.03
,,,,293.4,2.43E-04,2475,1.75
,,,,293.6,2.48E-04,2543,1.33
,,,,293.8,2.51E-04,2589,1.05
,,,,294,2.55E-04,2626,0.95
,,,,294.2,2.58E-04,2661,0.98
,,,,294.4,2.61E-04,2705,1.11
,,,,294.6,2.65E-04,2750,1.46
,,,,294.8,2.70E-04,2806,1.81
,,,,295,2.78E-04,2908,2
,,,,295.2,2.84E-04,2987,2.13
,,,,295.4,2.91E-04,3066,2.32
,,,,295.6,3.00E-04,3170,2.67
,,,,295.8,3.09E-04,3284,2.83
,,,,296,3.19E-04,3415,2.6
,,,,296.2,3.28E-04,3532,2.16
,,,,296.4,3.33E-04,3603,1.9
,,,,296.6,3.38E-04,3670,2.06
,,,,296.8,3.47E-04,3771,2.29
,,,,297,3.55E-04,3872,2.44
,,,,297.2,3.62E-04,3968,2.67
,,,,297.4,3.72E-04,4081,2.92
,,,,297.6,3.83E-04,4213,2.83
,,,,297.8,3.92E-04,4346,2.48
,,,,298,3.98E-04,4418,1.84
,,,,298.2,4.06E-04,4536,1.05
,,,,298.4,4.06E-04,4527,0.35
,,,,298.6,4.06E-04,4518,-0.03
,,,,298.8,4.06E-04,4507,0
,,,,299,4.06E-04,4501,0
,,,,299.2,4.06E-04,4499,0
,,,,299.4,4.06E-04,4498,0
,,,,299.6,4.06E-04,4496,0
,,,,299.8,4.06E-04,4495,0
,,,,300,4.06E-04,4494,0
,,,,300.2,4.06E-04,4493,0
,,,,300.4,4.06E-04,4493,0
,,,,300.6,4.06E-04,4492,0
,,,,300.8,4.06E-04,4491,0
,,,,301,4.06E-04,4490,0
,,,,301.2,4.06E-04,4490,0
,,,,301.4,4.06E-04,4489,0
,,,,301.6,4.06E-04,4488,0
,,,,301.8,4.06E-04,4488,0
,,,,302,4.06E-04,4487,0
,,,,302.2,4.06E-04,4487,0
,,,,302.4,4.06E-04,4487,0
,,,,302.6,4.06E-04,4486,0
,,,,302.8,4.06E-04,4486,0
,,,,303,4.06E-04,4486,0
,,,,303.2,4.06E-04,4485,0
,,,,303.4,4.06E-04,4485,0
,,,,303.6,4.06E-04,4484,0
,,,,303.8,4.06E-04,4484,0
,,,,304,4.06E-04,4484,0
,,,,304.2,4.06E-04,4483,0
,,,,304.4,4.06E-04,4483,0
,,,,304.6,4.06E-04,4483,0
,,,,304.8,4.06E-04,4482,0
,,,,305,4.06E-04,4482,0
,,,,305.2,4.06E-04,4482,0
,,,,305.4,4.06E-04,4481,0
,,,,305.6,4.06E-04,4481,0
,,,,305.8,4.06E-04,4481,0
,,,,306,4.06E-04,4481,0
,,,,306.2,4.06E-04,4481,0
,,,,306.4,4.06E-04,4480,0
,,,,306.6,4.06E-04,4480,0
,,,,306.8,4.06E-04,4480,0
,,,,307,4.06E-04,4480,0
,,,,307.2,4.06E-04,4479,0
,,,,307.4,4.06E-04,4479,0
,,,,307.6,4.06E-04,4479,0
,,,,307.8,4.06E-04,4480,0
,,,,308,4.06E-04,4481,0
,,,,308.2,4.06E-04,4481,0.03
,,,,308.4,4.06E-04,4481,0.06
,,,,308.6,4.06E-04,4481,0.06
,,,,308.8,4.06E-04,4481,0.03
,,,,309,4.06E-04,4481,0
,,,,309.2,4.06E-04,4481,0
,,,,309.4,4.06E-04,4481,0.03
,,,,309.6,4.06E-04,4482,0.16
,,,,309.8,4.07E-04,4484,0.35
,,,,310,4.09E-04,4506,0.44
,,,,310.2,4.11E-04,4537,0.38
,,,,310.4,4.11E-04,4554,0.22
,,,,310.6,4.12E-04,4563,0.1
,,,,310.8,4.12E-04,4563,0.03
,,,,311,4.12E-04,4563,0
,,,,311.2,4.12E-04,4563,0.03
,,,,311.4,4.12E-04,4564,0.06
,,,,311.6,4.13E-04,4565,0.1
,,,,311.8,4.13E-04,4568,0.1
,,,,312,4.13E-04,4573,0.13
,,,,312.2,4.13E-04,4579,0.22
,,,,312.4,4.15E-04,4590,0.32
,,,,312.6,4.16E-04,4606,0.38
,,,,312.8,4.17E-04,4624,0.35
,,,,313,4.18E-04,4643,0.29
,,,,313.2,4.19E-04,4656,0.19
,,,,313.4,4.20E-04,4660,0.13
,,,,313.6,4.20E-04,4663,0.1
,,,,313.8,4.20E-04,4666,0.1
,,,,314,4.20E-04,4669,0.13
,,,,314.2,4.21E-04,4673,0.13
,,,,314.4,4.22E-04,4677,0.16
,,,,314.6,4.22E-04,4685,0.22
,,,,314.8,4.23E-04,4694,0.29
,,,,315,4.24E-04,4709,0.29
,,,,315.2,4.25E-04,4719,0.22
,,,,315.4,4.25E-04,4728,0.16
,,,,315.6,4.26E-04,4735,0.13
,,,,315.8,4.26E-04,4740,0.1
,,,,316,4.27E-04,4743,0.1
,,,,316.2,4.27E-04,4746,0.13
,,,,316.4,4.27E-04,4750,0.16
,,,,316.6,4.28E-04,4756,0.19
,,,,316.8,4.29E-04,4764,0.19
,,,,317,4.29E-04,4773,0.22
,,,,317.2,4.30E-04,4782,0.25
,,,,317.4,4.31E-04,4793,0.25
,,,,317.6,4.32E-04,4805,0.22
,,,,317.8,4.32E-04,4813,0.16
,,,,318,4.33E-04,4822,0.1
,,,,318.2,4.33E-04,4822,0.03
,,,,318.4,4.33E-04,4821,0
,,,,318.6,4.33E-04,4820,0
,,,,318.8,4.33E-04,4819,0
,,,,319,4.33E-04,4819,0
,,,,319.2,4.33E-04,4819,0
,,,,319.4,4.33E-04,4818,0.03
,,,,319.6,4.33E-04,4819,0.06
,,,,319.8,4.34E-04,4819,0.06
,,,,320,4.34E-04,4820,0.03
,,,,320.2,4.34E-04,4820,0
,,,,320.4,4.34E-04,4821,0
,,,,320.6,4.34E-04,4821,0.03
,,,,320.8,4.34E-04,4824,0.1
,,,,321,4.34E-04,4825,0.13
,,,,321.2,4.35E-04,4831,0.13
,,,,321.4,4.35E-04,4839,0.13
,,,,321.6,4.36E-04,4843,0.13
,,,,321.8,4.36E-04,4848,0.13
,,,,322,4.36E-04,4856,0.13
,,,,322.2,4.37E-04,4863,0.16
,,,,322.4,4.38E-04,4868,0.16
,,,,322.6,4.38E-04,4873,0.16
,,,,322.8,4.38E-04,4879,0.19
,,,,323,4.39E-04,4888,0.22
,,,,323.2,4.40E-04,4898,0.19
,,,,323.4,4.41E-04,4904,0.13
,,,,323.6,4.41E-04,4909,0.1
,,,,323.8,4.41E-04,4912,0.06
,,,,324,4.41E-04,4912,0.03
,,,,324.2,4.41E-04,4912,0
,,,,324.4,4.41E-04,4911,0
,,,,324.6,4.41E-04,4912,0.03
,,,,324.8,4.41E-04,4913,0.06
,,,,325,4.42E-04,4916,0.1
,,,,325.2,4.42E-04,4919,0.1
,,,,325.4,4.43E-04,4923,0.1
,,,,325.6,4.43E-04,4926,0.1
,,,,325.8,4.43E-04,4930,0.1
,,,,326,4.43E-04,4935,0.13
,,,,326.2,4.44E-04,4943,0.13
,,,,326.4,4.45E-04,4946,0.13
,,,,326.6,4.45E-04,4950,0.1
,,,,326.8,4.45E-04,4955,0.1
,,,,327,4.45E-04,4959,0.1
,,,,327.2,4.46E-04,4962,0.06
,,,,327.4,4.46E-04,4964,0.03
,,,,327.6,4.46E-04,4966,0.03
,,,,327.8,4.46E-04,4966,0.06
,,,,328,4.46E-04,4965,0.06
,,,,328.2,4.46E-04,4965,0.03
,,,,328.4,4.46E-04,4965,0
,,,,328.6,4.46E-04,4966,0.03
,,,,328.8,4.46E-04,4969,0.06
,,,,329,4.47E-04,4972,0.1
,,,,329.2,4.47E-04,4975,0.1
,,,,329.4,4.48E-04,4980,0.06
,,,,329.6,4.48E-04,4983,0.06
,,,,329.8,4.48E-04,4985,0.06
,,,,330,4.48E-04,4987,0.06
,,,,330.2,4.48E-04,4989,0.03
,,,,330.4,4.48E-04,4990,0.03
,,,,330.6,4.48E-04,4991,0.06
,,,,330.8,4.49E-04,4992,0.06
,,,,331,4.49E-04,4993,0.03
,,,,331.2,4.49E-04,4993,0
,,,,331.4,4.49E-04,4993,0
,,,,331.6,4.49E-04,4992,0
,,,,331.8,4.49E-04,4992,0
,,,,332,4.49E-04,4991,0
,,,,332.2,4.49E-04,4991,0
,,,,332.4,4.49E-04,4991,0
,,,,332.6,4.49E-04,4991,0
,,,,332.8,4.49E-04,4991,0
,,,,333,4.49E-04,4991,0
,,,,333.2,4.49E-04,4991,0.03
,,,,333.4,4.49E-04,4992,0.06
,,,,333.6,4.50E-04,4993,0.06
,,,,333.8,4.50E-04,4996,0.03
,,,,334,4.50E-04,4998,0
,,,,334.2,4.50E-04,4999,0
,,,,334.4,4.50E-04,4999,0
,,,,334.6,4.50E-04,5000,0
,,,,334.8,4.50E-04,4999,-0.03
,,,,335,4.50E-04,4999,-0.06
,,,,335.2,4.49E-04,4986,-0.06
,,,,335.4,4.49E-04,4984,-0.03
,,,,335.6,4.49E-04,4983,0
,,,,335.8,4.49E-04,4982,0
,,,,336,4.49E-04,4981,0
,,,,336.2,4.49E-04,4981,0
,,,,336.4,4.49E-04,4980,0
,,,,336.6,4.49E-04,4980,0
,,,,336.8,4.49E-04,4980,0
,,,,337,4.49E-04,4980,0
,,,,337.2,4.49E-04,4979,0
,,,,337.4,4.49E-04,4979,0
,,,,337.6,4.49E-04,4979,0
,,,,337.8,4.49E-04,4978,0
,,,,338,4.49E-04,4978,0.03
,,,,338.2,4.49E-04,4979,0.06
,,,,338.4,4.50E-04,4980,0.06
,,,,338.6,4.50E-04,4981,0.03
,,,,338.8,4.50E-04,4981,0
,,,,339,4.50E-04,4981,0
,,,,339.2,4.50E-04,4981,0
,,,,339.4,4.50E-04,4981,0
,,,,339.6,4.50E-04,4980,0
,,,,339.8,4.50E-04,4980,0
,,,,340,4.50E-04,4980,0
,,,,340.2,4.50E-04,4980,0
,,,,340.4,4.50E-04,4980,0
,,,,340.6,4.50E-04,4980,0
,,,,340.8,4.50E-04,4980,0
,,,,341,4.50E-04,4980,0
,,,,341.2,4.50E-04,4980,0
,,,,341.4,4.50E-04,4979,0
,,,,341.6,4.50E-04,4979,0
,,,,341.8,4.50E-04,4979,0
,,,,342,4.50E-04,4979,0
,,,,342.2,4.50E-04,4979,0
,,,,342.4,4.50E-04,4979,0
,,,,342.6,4.50E-04,4979,0
,,,,342.8,4.50E-04,4978,0
,,,,343,4.50E-04,4978,0
,,,,343.2,4.50E-04,4978,0
,,,,343.4,4.50E-04,4978,0
,,,,343.6,4.50E-04,4978,0
,,,,343.8,4.50E-04,4977,0.03
,,,,344,4.50E-04,4977,0.06
,,,,344.2,4.50E-04,4978,0.06
,,,,344.4,4.50E-04,4979,0.06
,,,,344.6,4.50E-04,4983,0.06
,,,,344.8,4.51E-04,4986,0.06
,,,,345,4.51E-04,4990,0.03
,,,,345.2,4.51E-04,4991,0
,,,,345.4,4.51E-04,4992,0
,,,,345.6,4.51E-04,4993,0
,,,,345.8,4.51E-04,4992,0
,,,,346,4.51E-04,4992,0
,,,,346.2,4.51E-04,4992,0
,,,,346.4,4.51E-04,4992,0
,,,,346.6,4.51E-04,4991,0
,,,,346.8,4.51E-04,4991,0
,,,,347,4.51E-04,4991,0
,,,,347.2,4.51E-04,4991,0
,,,,347.4,4.51E-04,4991,0
,,,,347.6,4.51E-04,4991,0.03
,,,,347.8,4.51E-04,4992,0.06
,,,,348,4.51E-04,4992,0.06
,,,,348.2,4.51E-04,4994,0.03
,,,,348.4,4.51E-04,4995,0
,,,,348.6,4.51E-04,4997,0
,,,,348.8,4.51E-04,4998,0.03
,,,,349,4.51E-04,5000,0.06
,,,,349.2,4.52E-04,5001,0.06
,,,,349.4,4.52E-04,5002,0.03
,,,,349.6,4.52E-04,5002,0
,,,,349.8,4.52E-04,5001,0
,,,,350,4.52E-04,5001,0
,,,,350.2,4.52E-04,5001,0
,,,,350.4,4.52E-04,5001,0
,,,,350.6,4.52E-04,5002,0.03
,,,,350.8,4.52E-04,5005,0.03
,,,,351,4.53E-04,5009,0
,,,,351.2,4.52E-04,5010,-0.03
,,,,351.4,4.52E-04,5009,-0.03
,,,,351.6,4.52E-04,5009,0
,,,,351.8,4.52E-04,5009,0
,,,,352,4.52E-04,5008,0
,,,,352.2,4.52E-04,5008,0
,,,,352.4,4.52E-04,5008,0
,,,,352.6,4.52E-04,5007,0
,,,,352.8,4.52E-04,5007,0
,,,,353,4.52E-04,5006,0
,,,,353.2,4.52E-04,5006,0
,,,,353.4,4.52E-04,5006,0
,,,,353.6,4.52E-04,5005,0
,,,,353.8,4.52E-04,5005,-0.03
,,,,354,4.52E-04,5004,-0.06
,,,,354.2,4.51E-04,5004,-0.06
,,,,354.4,4.51E-04,5003,-0.03
,,,,354.6,4.51E-04,5003,0
,,,,354.8,4.51E-04,5003,0
,,,,355,4.51E-04,5002,0
,,,,355.2,4.51E-04,5002,0
,,,,355.4,4.51E-04,5001,0
,,,,355.6,4.51E-04,5001,0
,,,,355.8,4.51E-04,5000,0
,,,,356,4.51E-04,5000,0
,,,,356.2,4.51E-04,5000,0
,,,,356.4,4.51E-04,4999,0
,,,,356.6,4.51E-04,4999,0
,,,,356.8,4.51E-04,4998,0
,,,,357,4.51E-04,4998,0
,,,,357.2,4.51E-04,4998,0
,,,,357.4,4.51E-04,4997,0
,,,,357.6,4.51E-04,4997,0
,,,,357.8,4.51E-04,4997,0
,,,,358,4.51E-04,4997,0
,,,,358.2,4.51E-04,4996,0
,,,,358.4,4.51E-04,4996,0
,,,,358.6,4.51E-04,4996,0
,,,,358.8,4.51E-04,4996,0
,,,,359,4.51E-04,4996,0
,,,,359.2,4.51E-04,4996,0
,,,,359.4,4.51E-04,4995,0
,,,,359.6,4.51E-04,4995,0
,,,,359.8,4.51E-04,4995,0
,,,,360,4.51E-04,4995,0
,,,,360.2,4.51E-04,4995,0
,,,,360.4,4.51E-04,4995,0
,,,,360.6,4.51E-04,4995,0
,,,,360.8,4.51E-04,4995,0
,,,,361,4.51E-04,4995,0
,,,,361.2,4.51E-04,4995,0
,,,,361.4,4.51E-04,4995,0
,,,,361.6,4.51E-04,4995,0
,,,,361.8,4.51E-04,4995,0
,,,,362,4.51E-04,4995,0
,,,,362.2,4.51E-04,4995,0
,,,,362.4,4.51E-04,4995,0
,,,,362.6,4.51E-04,4996,0.03
,,,,362.8,4.51E-04,4996,0.06
,,,,363,4.52E-04,4996,0.06
,,,,363.2,4.52E-04,4996,0.03
,,,,363.4,4.52E-04,4997,0
,,,,363.6,4.52E-04,4996,-0.03
,,,,363.8,4.52E-04,4997,-0.06
,,,,364,4.51E-04,4995,-0.06
,,,,364.2,4.51E-04,4993,-0.03
,,,,364.4,4.51E-04,4993,0
,,,,364.6,4.51E-04,4993,0
,,,,364.8,4.51E-04,4993,0
,,,,365,4.51E-04,4993,0
,,,,365.2,4.51E-04,4993,0
,,,,365.4,4.51E-04,4993,0
,,,,365.6,4.51E-04,4993,0
,,,,365.8,4.51E-04,4992,0
,,,,366,4.51E-04,4992,0
,,,,366.2,4.51E-04,4992,0
,,,,366.4,4.51E-04,4992,0
,,,,366.6,4.51E-04,4992,0
,,,,366.8,4.51E-04,4992,0
,,,,367,4.51E-04,4992,0
,,,,367.2,4.51E-04,4992,0
,,,,367.4,4.51E-04,4992,0
,,,,367.6,4.51E-04,4991,0
,,,,367.8,4.51E-04,4991,0
,,,,368,4.51E-04,4991,0
,,,,368.2,4.51E-04,4991,0
,,,,368.4,4.51E-04,4991,0
,,,,368.6,4.51E-04,4991,0
,,,,368.8,4.51E-04,4991,0
,,,,369,4.51E-04,4991,0
,,,,369.2,4.51E-04,4991,0
,,,,369.4,4.51E-04,4990,0
,,,,369.6,4.51E-04,4990,0
,,,,369.8,4.51E-04,4990,0
,,,,370,4.51E-04,4990,0
,,,,370.2,4.51E-04,4990,0
,,,,370.4,4.51E-04,4990,0
,,,,370.6,4.51E-04,4990,0
,,,,370.8,4.51E-04,4990,0
,,,,371,4.51E-04,4990,0
,,,,371.2,4.51E-04,4990,0
,,,,371.4,4.51E-04,4990,0
,,,,371.6,4.51E-04,4990,0
,,,,371.8,4.51E-04,4989,0
,,,,372,4.51E-04,4989,0
,,,,372.2,4.51E-04,4989,0
,,,,372.4,4.51E-04,4989,0
,,,,372.6,4.51E-04,4989,0
,,,,372.8,4.51E-04,4989,0
,,,,373,4.51E-04,4989,0
,,,,373.2,4.51E-04,4989,0
,,,,373.4,4.51E-04,4989,0
,,,,373.6,4.51E-04,4989,0
,,,,373.8,4.51E-04,4988,0
,,,,374,4.51E-04,4989,0
,,,,374.2,4.51E-04,4989,0
,,,,374.4,4.51E-04,4988,0
,,,,374.6,4.51E-04,4988,0
,,,,374.8,4.51E-04,4988,0
,,,,375,4.51E-04,4988,0
,,,,375.2,4.51E-04,4988,0
,,,,375.4,4.51E-04,4988,0
,,,,375.6,4.51E-04,4988,0
,,,,375.8,4.51E-04,4988,0
,,,,376,4.51E-04,4988,0
,,,,376.2,4.51E-04,4988,0
,,,,376.4,4.51E-04,4988,0
,,,,376.6,4.51E-04,4988,0
,,,,376.8,4.51E-04,4988,0
,,,,377,4.51E-04,4988,0
,,,,377.2,4.51E-04,4988,0
,,,,377.4,4.51E-04,4988,0
,,,,377.6,4.51E-04,4988,0
,,,,377.8,4.51E-04,4988,0
,,,,378,4.51E-04,4988,0
,,,,378.2,4.51E-04,4988,0
,,,,378.4,4.51E-04,4988,0
,,,,378.6,4.51E-04,4988,0
,,,,378.8,4.51E-04,4988,0
,,,,379,4.51E-04,4988,0
,,,,379.2,4.51E-04,4988,0
,,,,379.4,4.51E-04,4989,0
,,,,379.6,4.51E-04,4989,0
,,,,379.8,4.51E-04,4989,0
,,,,380,4.51E-04,4988,0
,,,,380.2,4.51E-04,4988,0
,,,,380.4,4.51E-04,4988,0
,,,,380.6,4.51E-04,4988,0
,,,,380.8,4.51E-04,4988,0
,,,,381,4.51E-04,4988,0
,,,,381.2,4.51E-04,4988,0
,,,,381.4,4.51E-04,4988,0
,,,,381.6,4.51E-04,4988,0
,,,,381.8,4.51E-04,4987,0
,,,,382,4.51E-04,4987,0
,,,,382.2,4.51E-04,4987,0
,,,,382.4,4.51E-04,4987,0
,,,,382.6,4.51E-04,4987,0
,,,,382.8,4.51E-04,4987,0
,,,,383,4.51E-04,4987,0
,,,,383.2,4.51E-04,4987,0
,,,,383.4,4.51E-04,4986,0
,,,,383.6,4.51E-04,4986,0
,,,,383.8,4.51E-04,4986,0
,,,,384,4.51E-04,4987,0
,,,,384.2,4.51E-04,4987,0
,,,,384.4,4.51E-04,4987,0
,,,,384.6,4.51E-04,4987,0
,,,,384.8,4.51E-04,4987,0
,,,,385,4.51E-04,4987,0
,,,,385.2,4.51E-04,4987,0
,,,,385.4,4.51E-04,4987,0
,,,,385.6,4.51E-04,4987,0
,,,,385.8,4.51E-04,4987,0
,,,,386,4.51E-04,4987,0
,,,,386.2,4.51E-04,4987,0
,,,,386.4,4.51E-04,4987,0
,,,,386.6,4.51E-04,4987,0
,,,,386.8,4.51E-04,4987,0
,,,,387,4.51E-04,4987,0
,,,,387.2,4.51E-04,4987,0
,,,,387.4,4.51E-04,4986,0
,,,,387.6,4.51E-04,4986,0
,,,,387.8,4.51E-04,4986,0
,,,,388,4.51E-04,4985,0
,,,,388.2,4.51E-04,4985,0
,,,,388.4,4.51E-04,4985,0
,,,,388.6,4.51E-04,4985,0
,,,,388.8,4.51E-04,4985,0
,,,,389,4.51E-04,4985,0
,,,,389.2,4.51E-04,4985,0
,,,,389.4,4.51E-04,4985,0
,,,,389.6,4.51E-04,4985,0
,,,,389.8,4.51E-04,4985,0
,,,,390,4.51E-04,4985,0
,,,,390.2,4.51E-04,4985,0
,,,,390.4,4.51E-04,4985,0
,,,,390.6,4.51E-04,4984,0
,,,,390.8,4.51E-04,4984,0
,,,,391,4.51E-04,4984,0
,,,,391.2,4.51E-04,4984,0
,,,,391.4,4.51E-04,4984,0
,,,,391.6,4.51E-04,4984,0
,,,,391.8,4.51E-04,4984,0
,,,,392,4.51E-04,4984,0
,,,,392.2,4.51E-04,4984,0
,,,,392.4,4.51E-04,4984,0
,,,,392.6,4.51E-04,4984,0
,,,,392.8,4.51E-04,4984,0
,,,,393,4.51E-04,4984,0
,,,,393.2,4.51E-04,4984,0
,,,,393.4,4.51E-04,4984,0
,,,,393.6,4.51E-04,4984,0
,,,,393.8,4.51E-04,4984,0
,,,,394,4.51E-04,4984,0
,,,,394.2,4.51E-04,4984,0
,,,,394.4,4.51E-04,4984,0
,,,,394.6,4.51E-04,4984,0
,,,,394.8,4.51E-04,4984,0.03
,,,,395,4.51E-04,4985,0.06
,,,,395.2,4.52E-04,4986,0.06
,,,,395.4,4.52E-04,4987,0.03
,,,,395.6,4.52E-04,4987,0
,,,,395.8,4.52E-04,4987,0
,,,,396,4.52E-04,4987,0.03
,,,,396.2,4.52E-04,4987,0.06
,,,,396.4,4.53E-04,4987,0.06
,,,,396.6,4.53E-04,4987,0.03
,,,,396.8,4.53E-04,4987,0
,,,,397,4.53E-04,4988,0.06
,,,,397.2,4.53E-04,4990,0.13
,,,,397.4,4.54E-04,5004,0.13
,,,,397.6,4.54E-04,5008,0.06
,,,,397.8,4.54E-04,5008,0
,,,,398,4.54E-04,5008,0
,,,,398.2,4.54E-04,5008,0.03
,,,,398.4,4.54E-04,5008,0.1
,,,,398.6,4.55E-04,5011,0.13
,,,,398.8,4.55E-04,5021,0.13
,,,,399,4.55E-04,5030,0.16
,,,,399.2,4.56E-04,5038,0.22
,,,,399.4,4.57E-04,5048,0.25
,,,,399.6,4.58E-04,5060,0.25
,,,,399.8,4.58E-04,5071,0.25
,,,,400,4.60E-04,5085,0.25
,,,,400.2,4.60E-04,5093,0.22
,,,,400.4,4.61E-04,5102,0.16
,,,,400.6,4.62E-04,5110,0.13
,,,,400.8,4.62E-04,5113,0.16
,,,,401,4.62E-04,5117,0.25
,,,,401.2,4.64E-04,5130,0.32
,,,,401.4,4.65E-04,5146,0.29
,,,,401.6,4.65E-04,5159,0.22
,,,,401.8,4.66E-04,5166,0.22
,,,,402,4.67E-04,5166,0.25
,,,,402.2,4.68E-04,5192,0.19
,,,,402.4,4.69E-04,5197,0.06
,,,,402.6,4.68E-04,5193,-0.03
,,,,402.8,4.68E-04,5190,-0.03
,,,,403,4.68E-04,5189,0
,,,,403.2,4.68E-04,5188,0.03
,,,,403.4,4.68E-04,5187,0.06
,,,,403.6,4.69E-04,5186,0.1
,,,,403.8,4.69E-04,5185,0.13
,,,,404,4.69E-04,5186,0.16
,,,,404.2,4.70E-04,5200,0.19
,,,,404.4,4.71E-04,5212,0.16
,,,,404.6,4.71E-04,5217,0.13
,,,,404.8,4.71E-04,5220,0.1
,,,,405,4.72E-04,5223,0.1
,,,,405.2,4.72E-04,5226,0.1
,,,,405.4,4.72E-04,5227,0.06
,,,,405.6,4.72E-04,5229,0.06
,,,,405.8,4.72E-04,5230,0.06
,,,,406,4.73E-04,5234,0.1
,,,,406.2,4.73E-04,5237,0.1
,,,,406.4,4.74E-04,5241,0.1
,,,,406.6,4.74E-04,5245,0.1
,,,,406.8,4.74E-04,5248,0.1
,,,,407,4.74E-04,5252,0.1
,,,,407.2,4.75E-04,5255,0.1
,,,,407.4,4.75E-04,5260,0.13
,,,,407.6,4.76E-04,5265,0.16
,,,,407.8,4.76E-04,5271,0.16
,,,,408,4.77E-04,5276,0.16
,,,,408.2,4.77E-04,5280,0.19
,,,,408.4,4.78E-04,5295,0.22
,,,,408.6,4.79E-04,5305,0.22
,,,,408.8,4.79E-04,5308,0.19
,,,,409,4.80E-04,5315,0.16
,,,,409.2,4.81E-04,5319,0.13
,,,,409.4,4.81E-04,5323,0.13
,,,,409.6,4.81E-04,5326,0.16
,,,,409.8,4.82E-04,5331,0.16
,,,,410,4.83E-04,5339,0.1
,,,,410.2,4.83E-04,5338,0.06
,,,,410.4,4.83E-04,5337,0.1
,,,,410.6,4.83E-04,5341,0.19
,,,,410.8,4.84E-04,5351,0.22
,,,,411,4.85E-04,5366,0.19
,,,,411.2,4.85E-04,5370,0.1
,,,,411.4,4.86E-04,5370,0
,,,,411.6,4.85E-04,5369,-0.03
,,,,411.8,4.85E-04,5366,-0.03
,,,,412,4.85E-04,5365,0
,,,,412.2,4.85E-04,5363,0
,,,,412.4,4.85E-04,5361,0
,,,,412.6,4.85E-04,5361,0
,,,,412.8,4.85E-04,5360,0.03
,,,,413,4.85E-04,5359,0.06
,,,,413.2,4.86E-04,5358,0.1
,,,,413.4,4.86E-04,5358,0.16
,,,,413.6,4.86E-04,5363,0.22
,,,,413.8,4.88E-04,5379,0.25
,,,,414,4.88E-04,5389,0.25
,,,,414.2,4.89E-04,5397,0.25
,,,,414.4,4.90E-04,5416,0.29
,,,,414.6,4.91E-04,5420,0.32
,,,,414.8,4.92E-04,5431,0.32
,,,,415,4.93E-04,5451,0.32
,,,,415.2,4.94E-04,5456,0.32
,,,,415.4,4.95E-04,5469,0.35
,,,,415.6,4.97E-04,5481,0.38
,,,,415.8,4.98E-04,5490,0.35
,,,,416,4.99E-04,5504,0.25
,,,,416.2,5.00E-04,5507,0.19
,,,,416.4,5.00E-04,5506,0.19
,,,,416.6,5.01E-04,5515,0.22
,,,,416.8,5.02E-04,5525,0.22
,,,,417,5.02E-04,5533,0.22
,,,,417.2,5.03E-04,5538,0.29
,,,,417.4,5.04E-04,5546,0.29
,,,,417.6,5.05E-04,5557,0.19
,,,,417.8,5.05E-04,5560,0.06
,,,,418,5.05E-04,5556,0.03
,,,,418.2,5.05E-04,5553,0.19
,,,,418.4,5.06E-04,5554,0.35
,,,,418.6,5.09E-04,5584,0.38
,,,,418.8,5.09E-04,5594,0.29
,,,,419,5.10E-04,5602,0.19
,,,,419.2,5.11E-04,5608,0.22
,,,,419.4,5.11E-04,5613,0.29
,,,,419.6,5.12E-04,5619,0.32
,,,,419.8,5.14E-04,5632,0.29
,,,,420,5.14E-04,5636,0.29
,,,,420.2,5.15E-04,5643,0.32
,,,,420.4,5.17E-04,5659,0.29
,,,,420.6,5.18E-04,5666,0.16
,,,,420.8,5.18E-04,5664,0.03
,,,,421,5.18E-04,5661,0.03
,,,,421.2,5.18E-04,5658,0.13
,,,,421.4,5.18E-04,5662,0.22
,,,,421.6,5.19E-04,5672,0.22
,,,,421.8,5.20E-04,5681,0.16
,,,,422,5.20E-04,5683,0.1
,,,,422.2,5.21E-04,5687,0.06
,,,,422.4,5.21E-04,5690,-1.63E-14
,,,,422.6,5.21E-04,5685,-0.06
,,,,422.8,5.20E-04,5681,-0.06
,,,,423,5.20E-04,5678,0
,,,,423.2,5.20E-04,5675,0.06
,,,,423.4,5.21E-04,5675,0.06
,,,,423.6,5.21E-04,5674,0.06
,,,,423.8,5.21E-04,5672,0.03
,,,,424,5.21E-04,5671,-0.03
,,,,424.2,5.21E-04,5670,-0.1
,,,,424.4,5.20E-04,5668,-0.1
,,,,424.6,5.20E-04,5667,-0.03
,,,,424.8,5.20E-04,5666,0.03
,,,,425,5.20E-04,5665,0.06
,,,,425.2,5.21E-04,5665,0.06
,,,,425.4,5.21E-04,5664,0.03
,,,,425.6,5.21E-04,5663,0
,,,,425.8,5.21E-04,5663,0
,,,,426,5.21E-04,5662,0
,,,,426.2,5.21E-04,5661,0.03
,,,,426.4,5.21E-04,5661,0.06
,,,,426.6,5.21E-04,5660,0.06
,,,,426.8,5.21E-04,5660,0.06
,,,,427,5.21E-04,5660,0.16
,,,,427.2,5.22E-04,5665,0.29
,,,,427.4,5.24E-04,5690,0.35
,,,,427.6,5.25E-04,5700,0.32
,,,,427.8,5.26E-04,5718,0.29
,,,,428,5.26E-04,5722,0.32
,,,,428.2,5.28E-04,5739,0.35
,,,,428.4,5.29E-04,5757,0.35
,,,,428.6,5.30E-04,5764,0.32
,,,,428.8,5.31E-04,5773,0.32
,,,,429,5.32E-04,5780,0.35
,,,,429.2,5.33E-04,5793,0.38
,,,,429.4,5.35E-04,5804,0.38
,,,,429.6,5.36E-04,5814,0.38
,,,,429.8,5.37E-04,5823,0.38
,,,,430,5.38E-04,5832,0.35
,,,,430.2,5.40E-04,5844,0.29
,,,,430.4,5.40E-04,5844,0.25
,,,,430.6,5.41E-04,5848,0.29
,,,,430.8,5.42E-04,5857,0.35
,,,,431,5.44E-04,5869,0.41
,,,,431.2,5.45E-04,5881,0.41
,,,,431.4,5.47E-04,5894,0.38
,,,,431.6,5.47E-04,5901,0.35
,,,,431.8,5.49E-04,5909,0.35
,,,,432,5.50E-04,5919,0.29
,,,,432.2,5.51E-04,5928,0.13
,,,,432.4,5.51E-04,5921,0
,,,,432.6,5.51E-04,5914,-0.03
,,,,432.8,5.51E-04,5910,0
,,,,433,5.51E-04,5907,0
,,,,433.2,5.51E-04,5905,0.03
,,,,433.4,5.51E-04,5902,0.06
,,,,433.6,5.51E-04,5901,0.13
,,,,433.8,5.51E-04,5899,0.22
,,,,434,5.52E-04,5908,0.29
,,,,434.2,5.54E-04,5933,0.32
,,,,434.4,5.54E-04,5938,0.32
,,,,434.6,5.56E-04,5950,0.35
,,,,434.8,5.57E-04,5964,0.38
,,,,435,5.58E-04,5974,0.41
,,,,435.2,5.59E-04,5984,0.48
,,,,435.4,5.61E-04,5996,0.51
,,,,435.6,5.63E-04,6012,0.48
,,,,435.8,5.65E-04,6018,0.41
,,,,436,5.66E-04,6029,0.38
,,,,436.2,5.67E-04,6037,0.38
,,,,436.4,5.68E-04,6041,0.41
,,,,436.6,5.70E-04,6049,0.44
,,,,436.8,5.72E-04,6065,0.41
,,,,437,5.73E-04,6075,0.32
,,,,437.2,5.73E-04,6074,0.25
,,,,437.4,5.74E-04,6076,0.35
,,,,437.6,5.75E-04,6083,0.48
,,,,437.8,5.78E-04,6107,0.54
,,,,438,5.79E-04,6117,0.54
,,,,438.2,5.81E-04,6124,0.54
,,,,438.4,5.83E-04,6135,0.6
,,,,438.6,5.85E-04,6152,0.64
,,,,438.8,5.87E-04,6169,0.67
,,,,439,5.89E-04,6182,0.63
,,,,439.2,5.92E-04,6192,0.48
,,,,439.4,5.93E-04,6202,0.25
,,,,439.6,5.93E-04,6193,0.06
,,,,439.8,5.93E-04,6184,0.1
,,,,440,5.93E-04,6179,0.41
,,,,440.2,5.95E-04,6186,0.67
,,,,440.4,5.99E-04,6244,0.6
,,,,440.6,6.00E-04,6236,0.29
,,,,440.8,6.00E-04,6226,0.03
,,,,441,6.00E-04,6218,0.13
,,,,441.2,6.00E-04,6213,0.51
,,,,441.4,6.03E-04,6226,0.92
,,,,441.6,6.08E-04,6288,1.05
,,,,441.8,6.11E-04,6307,0.83
,,,,442,6.13E-04,6305,0.63
,,,,442.2,6.14E-04,6310,0.7
,,,,442.4,6.17E-04,6326,0.83
,,,,442.6,6.20E-04,6350,0.89
,,,,442.8,6.23E-04,6362,0.83
,,,,443,6.26E-04,6375,0.73
,,,,443.2,6.28E-04,6377,0.6
,,,,443.4,6.30E-04,6387,0.51
,,,,443.6,6.31E-04,6390,0.51
,,,,443.8,6.33E-04,6393,0.48
,,,,444,6.35E-04,6402,0.41
,,,,444.2,6.36E-04,6404,0.41
,,,,444.4,6.37E-04,6406,0.48
,,,,444.6,6.39E-04,6428,0.51
,,,,444.8,6.41E-04,6429,0.48
,,,,445,6.42E-04,6427,0.57
,,,,445.2,6.44E-04,6442,0.79
,,,,445.4,6.48E-04,6461,0.89
,,,,445.6,6.51E-04,6486,0.79
,,,,445.8,6.53E-04,6473,1.24
,,,,446,6.55E-04,6480,1.71
,,,,446.2,6.69E-04,6563,1.59
,,,,446.4,6.69E-04,6516,0.89
,,,,446.6,6.70E-04,6500,0.35
,,,,446.8,6.71E-04,6503,0.51
,,,,447,6.74E-04,6515,0.54
,,,,447.2,6.76E-04,6527,0.44
,,,,447.4,6.76E-04,6523,0.41
,,,,447.6,6.78E-04,6525,0.44
,,,,447.8,6.80E-04,6537,0.48
,,,,448,6.81E-04,6535,0.6
,,,,448.2,6.83E-04,6544,0.95
,,,,448.4,6.87E-04,6564,1.3
,,,,448.6,6.93E-04,6596,1.3
,,,,448.8,6.97E-04,6584,1.14
,,,,449,6.99E-04,6579,1.46
,,,,449.2,7.04E-04,6581,2.16
,,,,449.4,7.15E-04,6628,2.64
,,,,449.6,7.24E-04,6615,2.44
,,,,449.8,7.32E-04,6611,1.75
,,,,450,7.36E-04,6590,1.14
,,,,450.2,7.38E-04,6568,0.86
,,,,450.4,7.40E-04,6573,1.05
,,,,450.6,7.44E-04,6583,1.46
,,,,450.8,7.51E-04,6607,1.75
,,,,451,7.57E-04,6611,1.75
,,,,451.2,7.63E-04,6602,1.56
,,,,451.4,7.67E-04,6593,1.43
,,,,451.6,7.72E-04,6588,1.4
,,,,451.8,7.77E-04,6597,1.4
,,,,452,7.81E-04,6590,1.4
,,,,452.2,7.85E-04,6591,1.37
,,,,452.4,7.91E-04,6599,1.27
,,,,452.6,7.94E-04,6588,1.08
,,,,452.8,7.98E-04,6581,0.98
,,,,453,8.00E-04,6573,1.11
,,,,453.2,8.05E-04,6589,1.27
,,,,453.4,8.10E-04,6601,1.33
,,,,453.6,8.13E-04,6586,1.3
,,,,453.8,8.18E-04,6592,1.52
,,,,454,8.22E-04,6593,1.84
,,,,454.2,8.31E-04,6621,1.87
,,,,454.4,8.37E-04,6597,1.59
,,,,454.6,8.41E-04,6585,1.24
,,,,454.8,8.45E-04,6580,1.11
,,,,455,8.48E-04,6577,0.92
,,,,455.2,8.52E-04,6580,0.54
,,,,455.4,8.52E-04,6557,0.16
,,,,455.6,8.52E-04,6534,-0.03
,,,,455.8,8.52E-04,6519,-0.03
,,,,456,8.52E-04,6508,0
,,,,456.2,8.52E-04,6499,0.03
,,,,456.4,8.52E-04,6492,0.06
,,,,456.6,8.52E-04,6485,0.16
,,,,456.8,8.52E-04,6479,0.57
,,,,457,8.54E-04,6482,1.05
,,,,457.2,8.61E-04,6578,1.3
,,,,457.4,8.64E-04,6582,1.17
,,,,457.6,8.68E-04,6593,0.95
,,,,457.8,8.71E-04,6584,0.86
,,,,458,8.74E-04,6584,0.7
,,,,458.2,8.76E-04,6576,0.48
,,,,458.4,8.77E-04,6562,0.22
,,,,458.6,8.77E-04,6544,0.06
,,,,458.8,8.77E-04,6528,0
,,,,459,8.77E-04,6516,0
,,,,459.2,8.77E-04,6507,-0.03
,,,,459.4,8.77E-04,6499,-0.06
,,,,459.6,8.76E-04,6493,-0.03
,,,,459.8,8.76E-04,6488,0.06
,,,,460,8.77E-04,6482,0.51
,,,,460.2,8.78E-04,6478,1.14
,,,,460.4,8.85E-04,6547,1.65
,,,,460.6,8.91E-04,6598,1.84
,,,,460.8,8.97E-04,6613,1.78
,,,,461,9.03E-04,6604,1.84
,,,,461.2,9.09E-04,6597,1.84
,,,,461.4,9.16E-04,6597,1.75
,,,,461.6,9.21E-04,6582,1.65
,,,,461.8,9.26E-04,6579,1.65
,,,,462,9.32E-04,6579,1.71
,,,,462.2,9.38E-04,6583,1.56
,,,,462.4,9.43E-04,6569,1.43
,,,,462.6,9.46E-04,6552,1.37
,,,,462.8,9.53E-04,6572,1.14
,,,,463,9.56E-04,6554,0.67
,,,,463.2,9.56E-04,6523,0.16
,,,,463.4,9.56E-04,6498,0.03
,,,,463.6,9.56E-04,6481,0.13
,,,,463.8,9.56E-04,6468,0.48
,,,,464,9.58E-04,6466,1.08
,,,,464.2,9.63E-04,6532,1.68
,,,,464.4,9.70E-04,6572,2.03
,,,,464.6,9.77E-04,6574,2.16
,,,,464.8,9.84E-04,6563,2.03
,,,,465,9.93E-04,6559,1.46
,,,,465.2,9.96E-04,6526,0.67
,,,,465.4,9.95E-04,6480,0.1
,,,,465.6,9.95E-04,6459,-0.03
,,,,465.8,9.95E-04,6444,0
,,,,466,9.95E-04,6433,0.03
,,,,466.2,9.95E-04,6424,0.03
,,,,466.4,9.96E-04,6417,0
,,,,466.6,9.95E-04,6411,-0.03
,,,,466.8,9.95E-04,6407,-0.03
,,,,467,9.95E-04,6402,0.03
,,,,467.2,9.95E-04,6398,0.57
,,,,467.4,9.96E-04,6393,1.37
,,,,467.6,0.00101,6468,2.06
,,,,467.8,0.00101,6533,2.32
,,,,468,0.00102,6554,2.25
,,,,468.2,0.00103,6524,2.38
,,,,468.4,0.00104,6520,2.41
,,,,468.6,0.00104,6519,2.32
,,,,468.8,0.00105,6490,2.13
,,,,469,0.00106,6477,1.94
,,,,469.2,0.00106,6476,2.03
,,,,469.4,0.00107,6459,1.97
,,,,469.6,0.00108,6473,2.03
,,,,469.8,0.00108,6420,2.13
,,,,470,0.00109,6468,2
,,,,470.2,0.0011,6419,1.84
,,,,470.4,0.0011,6407,1.9
,,,,470.6,0.00111,6412,2.51
,,,,470.8,0.00112,6433,2.79
,,,,471,0.00113,6402,2.41
,,,,471.2,0.00114,6371,1.59
,,,,471.4,0.00114,6349,1.43
,,,,471.6,0.00114,6310,1.87
,,,,471.8,0.00115,6375,2.44
,,,,472,0.00116,6344,2.76
,,,,472.2,0.00117,6345,2.83
,,,,472.4,0.00118,6329,2.83
,,,,472.6,0.00119,6311,2.38
,,,,472.8,0.0012,6280,1.81
,,,,473,0.0012,6254,1.37
,,,,473.2,0.00121,6248,1.11
,,,,473.4,0.00121,6235,0.76
,,,,473.6,0.00121,6232,0.35
,,,,473.8,0.00121,6195,0.06
,,,,474,0.00121,6174,-0.03
,,,,474.2,0.00121,6159,0.03
,,,,474.4,0.00121,6148,0.06
,,,,474.6,0.00121,6139,0.06
,,,,474.8,0.00121,6132,0
,,,,475,0.00121,6127,-0.06
,,,,475.2,0.00121,6122,-0.06
,,,,475.4,0.00121,6119,-0.03
,,,,475.6,0.00121,6115,0.03
,,,,475.8,0.00121,6112,0.29
,,,,476,0.00121,6108,1.21
,,,,476.2,0.00122,6123,2.64
,,,,476.4,0.00123,6273,3.94
,,,,476.6,0.00125,6254,4.16
,,,,476.8,0.00126,6221,3.21
,,,,477,0.00127,6163,1.84
,,,,477.2,0.00127,6130,0.73
,,,,477.4,0.00127,6101,0.54
,,,,477.6,0.00127,6077,1.21
,,,,477.8,0.00128,6102,2.32
,,,,478,0.00129,6159,3.05
,,,,478.2,0.0013,6146,2.79
,,,,478.4,0.00131,6101,1.87
,,,,478.6,0.00131,6060,0.89
,,,,478.8,0.00132,6035,0.79
,,,,479,0.00132,6008,1.59
,,,,479.2,0.00133,6076,2.92
,,,,479.4,0.00134,6080,4.16
,,,,479.6,0.00135,6069,4.48
,,,,479.8,0.00137,6034,3.78
,,,,480,0.00138,5976,2.67
,,,,480.2,0.00138,5943,2.25
,,,,480.4,0.00139,5960,2.79
,,,,480.6,0.0014,5950,3.43
,,,,480.8,0.00142,5939,3.65
,,,,481,0.00143,5904,4.57
,,,,481.2,0.00144,5884,6
,,,,481.4,0.00147,5899,6.03
,,,,481.6,0.00149,5748,4.1
,,,,481.8,0.00149,5684,1.9
,,,,482,0.0015,5689,1.4
,,,,482.2,0.0015,5733,1.81
,,,,482.4,0.00151,5731,1.78
,,,,482.6,0.00152,5712,1.56
,,,,482.8,0.00152,5684,1.49
,,,,483,0.00153,5688,1.87
,,,,483.2,0.00153,5682,2.64
,,,,483.4,0.00154,5694,3.43
,,,,483.6,0.00156,5662,4.22
,,,,483.8,0.00157,5643,4.73
,,,,484,0.00159,5613,4.83
,,,,484.2,0.00161,5570,4.76
,,,,484.4,0.00162,5539,4.79
,,,,484.6,0.00164,5500,4.98
,,,,484.8,0.00165,5483,5.02
,,,,485,0.00167,5421,5.02
,,,,485.2,0.00169,5404,5.08
,,,,485.4,0.0017,5358,5.78
,,,,485.6,0.00172,5322,6
,,,,485.8,0.00175,5281,4.7
,,,,486,0.00176,5150,2.35
,,,,486.2,0.00176,5105,0.41
,,,,486.4,0.00176,5088,0.06
,,,,486.6,0.00176,5078,0.57
,,,,486.8,0.00176,5073,2.06
,,,,487,0.00177,5131,4.22
,,,,487.2,0.00179,5172,5.43
,,,,487.4,0.00181,5104,5.71
,,,,487.6,0.00182,5043,5.65
,,,,487.8,0.00185,5019,6.35
,,,,488,0.00187,4960,7.37
,,,,488.2,0.0019,4909,7.46
,,,,488.4,0.00192,4821,6.57
,,,,488.6,0.00194,4743,5.78
,,,,488.8,0.00195,4687,6.45
,,,,489,0.00198,4654,7.56
,,,,489.2,0.00201,4556,14.76
,,,,489.4,0.00204,4454,10.92
,,,,489.6,0.0022,-78,-0.06
,,,,489.8,0.00202,-210,-8.73
,,,,490,0.00203,-209,-7.87
,,,,490.2,0.00203,-209,0.51
,,,,490.4,0.00203,-208,-0.06
,,,,490.6,0.00203,-208,0
,,,,490.8,0.00203,-207,0
,,,,491,0.00203,-207,0
,,,,491.2,0.00203,-207,0
,,,,491.4,0.00203,-207,0
,,,,491.6,0.00203,-207,0
,,,,491.8,0.00203,-206,0
,,,,492,0.00203,-206,0
,,,,492.2,0.00203,-206,0
,,,,492.4,0.00203,-206,0
,,,,492.6,0.00203,-206,0
,,,,492.8,0.00203,-206,0
,,,,493,0.00203,-206,0
,,,,493.2,0.00203,-206,0
,,,,493.4,0.00203,-206,0
,,,,493.6,0.00203,-206,0
,,,,493.8,0.00203,-206,0
,,,,494,0.00203,-206,0
,,,,494.2,0.00203,-207,0
,,,,494.4,0.00203,-207,0
,,,,494.6,0.00203,-206,0
,,,,494.8,0.00203,-206,0
,,,,495,0.00203,-206,0
,,,,495.2,0.00203,-206,0
,,,,495.4,0.00203,-206,0
,,,,495.6,0.00203,-206,0
,,,,495.8,0.00203,-206,0
,,,,496,0.00203,-206,0
,,,,496.2,0.00203,-206,0
,,,,496.4,0.00203,-207,0
,,,,496.6,0.00203,-206,0
,,,,496.8,0.00203,-206,0
,,,,497,0.00203,-206,0
,,,,497.2,0.00203,-206,0
,,,,497.4,0.00203,-206,0
,,,,497.6,0.00203,-206,0
,,,,497.8,0.00203,-206,0
,,,,498,0.00203,-206,
